pid,mode,run_id,trial_type,outcome,effective_outcome,ttc_at_response,elapsed_ab,t_c,t_b_to_c,early_warn_t,full_warn_t,timing_error,responded,collision,response_stop,not_in_time,avoided,safe_stop,stopped_at_alarm,stopped_at_alarm_raw,looked_at_screen,looked_at_traffic,gaze_general_raw,gaze_alarm_raw,note,walker_speed,walking_style
1,a,c1,stop,safe_stop,not_in_time,4.8382,1.6494,,,3.1553,,0.3617,False,False,False,True,True,False,True,f,True,False,phone,f,problem with chat task -> catch not in time because stopped right after B,normal,dynamic
1,a,c2,stop,safe_stop,safe_stop,9.4266,3.2136,,,9.1577,,0.0,False,False,False,False,False,True,False,no,True,False,phone,f,stopped at B,normal,dynamic
1,a,s1,safe,safe_turn,safe_turn,3.7805,1.2888,,,,,1.4194,False,False,False,False,False,False,False,no,True,False,phone,no,stopped for ambient,normal,dynamic
1,a,s2,safe,safe_turn,safe_turn,4.6138,1.5729,,,,,0.586,False,False,False,False,False,False,False,no,True,False,phone,no,,normal,dynamic
1,a,t1,hit,collision,response_run,5.0491,1.7213,,,4.1888,6.815,0.1509,False,False,False,False,True,False,False,no,True,False,phone,both,stopped for ambient and faster for trigger,normal,dynamic
1,a,t2,hit,response_stop,response_stop,5.5337,1.8865,9.3007,5.6765,4.197,6.7933,0.0,True,False,True,False,True,False,True,vha,True,False,phone,vha,wanted to continue after f,normal,dynamic
1,a,t3,hit,response_stop,collision,4.2217,1.4392,7.823,4.2361,3.8242,6.4971,0.9783,True,True,False,False,False,False,True,f,True,False,phone,f,no VHA even after continuing to walk after f,normal,dynamic
1,a,t4,hit,collision,not_in_time,4.6476,1.5844,,,3.2585,5.8761,0.5523,False,False,False,True,True,False,True,both,True,False,phone,both,stopped for ambient,normal,dynamic
1,a,t5,hit,response_stop,collision,3.801,1.2958,7.539,4.6702,3.0801,5.7553,1.399,True,True,False,False,False,False,True,both,True,False,phone,both,no VHA even after continuing to walk after,normal,dynamic
1,b,c1,stop,safe_stop,safe_stop,5.1231,1.7465,,,,,0.0769,False,False,False,False,False,True,False,no,True,True,both,no,no stop,normal,dynamic
1,b,c2,stop,safe_stop,safe_stop,4.1137,1.4024,,,,,1.0862,False,False,False,False,False,True,False,no,True,False,phone,no,no stop,normal,dynamic
1,b,s1,safe,safe_turn,safe_turn,4.1334,1.4091,,,,,1.0668,False,False,False,False,False,False,False,no,True,False,phone,no,stopped at ambient,normal,dynamic
1,b,s2,safe,safe_turn,safe_turn,5.4671,1.8638,,,,,0.0,False,False,False,False,False,False,False,no,True,True,both,no,looked at screen at the end to make sure,normal,dynamic
1,b,t1,hit,collision,response_stop,4.8283,1.646,,,,5.994,0.3717,False,False,True,False,True,False,True,vha,True,False,phone,vha,,normal,dynamic
1,b,t2,hit,collision,collision,4.3818,1.4938,,,,6.3397,0.8183,False,True,False,False,False,False,True,vha,True,False,phone,vha,stopped at ambient and run into trigger after stopping at alarm,normal,dynamic
1,b,t3,hit,collision,response_stop,4.4138,1.5047,,,,6.2785,0.7861,False,False,True,False,True,False,True,vha,True,False,phone,vha,,normal,dynamic
1,b,t4,hit,collision,response_stop,4.7711,1.6265,,,,6.0606,0.4289,False,False,True,False,True,False,True,vha,True,False,phone,vha,,normal,dynamic
1,b,t5,hit,response_stop,response_stop,4.6229,1.576,8.4356,5.4036,,5.976,0.577,True,False,True,False,True,False,True,vha,True,False,phone,vha,took one more stop after VHA stop till car in front,normal,dynamic
10,a,c1,stop,safe_stop,safe_stop,6.725,2.2926,,,7.8918,,0.0,False,False,False,False,False,True,False,no,True,False,phone,no,does not look up and see car,slow,constant
10,a,c2,stop,safe_stop,safe_stop,5.0914,1.7357,,,5.8023,,0.1089,False,False,False,False,False,True,False,no,True,False,phone,f,,slow,constant
10,a,s1,safe,safe_turn,safe_turn,4.2401,1.4455,,,,,0.9599,False,False,False,False,False,False,False,no,True,False,phone,no,only glances at beginning at traffic,slow,constant
10,a,s2,safe,safe_turn,safe_turn,5.0641,1.7264,,,,,0.1361,False,False,False,False,False,False,False,no,True,False,phone,no,does not look up,slow,constant
10,a,t1,hit,collision,response_stop,5.099,1.7383,,,5.0252,7.8185,0.1008,False,False,True,False,True,False,True,vha,True,False,phone,vha,no reaction to f,slow,constant
10,a,t2,hit,collision,response_stop,4.4141,1.5048,,,6.8383,9.5191,0.786,False,False,True,False,True,False,True,vha,True,False,phone,vha,no reaction to f,slow,constant
10,a,t3,hit,collision,response_stop,5.6654,1.9314,,,5.9221,8.6426,0.0,False,False,True,False,True,False,True,vha,True,False,phone,vha,no reaction to f,slow,constant
10,a,t4,hit,collision,response_stop,5.7537,1.9615,,,6.5894,9.312,0.0,False,False,True,False,True,False,True,both,True,False,phone,both,stopped for f and continued,slow,constant
10,a,t5,hit,collision,response_stop,5.7326,1.9543,,,7.8219,10.6663,0.0,False,False,True,False,True,False,True,vha,True,False,phone,vha,no reaction to f,slow,constant
10,b,c1,stop,safe_stop,safe_stop,6.1697,2.1033,,,,,0.0,False,False,False,False,False,True,False,no,True,False,phone,no,does not look up,slow,constant
10,b,c2,stop,safe_stop,safe_stop,3.7274,1.2707,,,,,1.4726,False,False,False,False,False,True,False,no,True,False,phone,no,does not look up,slow,constant
10,b,s1,safe,safe_turn,safe_turn,5.4138,1.8456,,,,,0.0,False,False,False,False,False,False,False,no,True,False,phone,no,does not look up,slow,constant
10,b,s2,safe,safe_turn,safe_turn,5.199,1.7724,,,,,0.0007,False,False,False,False,False,False,False,no,True,False,phone,no,does not look up,slow,constant
10,b,t1,hit,collision,response_stop,3.9729,1.3544,,,,7.3371,1.2271,False,False,True,False,True,False,True,vha,True,False,phone,vha,,slow,constant
10,b,t2,hit,collision,response_stop,5.4557,1.8599,,,,8.4506,0.0,False,False,True,False,True,False,True,vha,True,False,phone,vha,,slow,constant
10,b,t3,hit,collision,response_stop,4.6493,1.585,,,,9.2118,0.5507,False,False,True,False,True,False,True,vha,True,False,phone,vha,looks up front/confused and then at traffic,slow,constant
10,b,t4,hit,collision,response_stop,6.0116,2.0494,,,,9.654,0.0,False,False,True,False,True,False,True,vha,True,False,phone,vha,redid (timing error -> got faster),slow,constant
10,b,t5,hit,collision,response_stop,4.2111,1.4356,,,,7.5969,0.989,False,False,True,False,True,False,True,vha,True,False,phone,vha,,slow,constant
11,a,c1,stop,safe_stop,safe_stop,3.7723,1.286,,,3.678,,1.4277,False,False,False,False,False,True,False,no,True,True,both,f,looked up till midpoint then only on phone,normal,constant
11,a,c2,stop,safe_stop,safe_stop,4.2181,1.438,,,4.1345,,0.9818,False,False,False,False,False,True,False,no,True,False,phone,f,,normal,constant
11,a,s1,safe,safe_turn,safe_turn,5.1753,1.7643,,,,,0.0247,False,False,False,False,False,False,False,no,True,True,both,no,stuttered in his step when saw trigger,normal,constant
11,a,s2,safe,safe_turn,safe_turn,4.8465,1.6522,,,,,0.3536,False,False,False,False,False,False,False,no,True,True,both,no,looked up just after B marker,normal,constant
11,a,t1,hit,collision,response_stop,5.0852,1.7336,,,11.9733,15.3671,0.1148,False,False,True,False,True,False,True,vha,True,False,phone,both,jumped at f saw nothing and continued to waslk till saw car and VHA and jumped again,normal,constant
11,a,t2,hit,collision,response_run,4.0427,1.3782,,,3.5247,7.2095,1.1571,False,False,False,False,True,False,False,no,True,False,phone,vha,stopped for ambient on street,normal,constant
11,a,t3,hit,collision,response_run,4.8822,1.6644,,,3.7902,7.4885,0.3176,False,False,False,False,True,False,True,vha,True,False,phone,both,"glanced at both after f and for VHA ""it said look up""""""""""""""""""""""""""""""""""""""""""""""""""""""""""""""""""""""""""""""""""""""""""""""""""""""""""""""""""""""""""""""""""""""""""""""""""""""""""""""""""""""""""""""""""""""""""""""""""""""""""""""""""""""""""""""""""""""""""""""""""""""""""""""""""""""""""""""""""""""""""""""""""""""""""""""""""""""""""""""""""""""""""""""""""""""""""""""""""""""""""""""""""""""""""""""""""""""""""""""""""""""""""""""""""""""""""""""""""""""""""""""""""""""""""""""""""""""""""""""""""""""""""""""""""""""""""""""""""""""""""""""""""""""""""""""""""""""""""""""""""""""""""""""""""""""""""""""""""""""""""""""""""""""""""""""""""""""""""""""""""""""""""""""""""""""""""""""""""""""""""""""""""""""""""""""""""""""""""""""""""""""""""""""""""""""""""""""""""""""""""""""""""""""""""""""""""""""""""""""""""""""""""""""""""""""""""""""""""""""""""""""""""""""""""""""""""""""""""""""""""""""""""""""""""""""""""""""""""""""""""""""""""""""""""""""""""""""""""""""""""""""""""""""""""""""""""""""""""""""""""""""""""""""""""""""""""""""""""""""""""""""""""""""""""""""""""""""""""""""""""""""""""""""""""""""""""""""""""""""""""""""""""""""""""""""""""""""""""""""""""""""""""""""""""""""""""""""""""""""""""""""""""""""""""""""""""""""""""""""""""""""""""""""""""""""""""""""""""""""""""""""""""""""""""""""""""""""""""""""""""""""""""""""""""""""""""""""""""""""""""""""""""""""""""""""""""""""""""""""""""""""""""""""""""""""""""""""""""""""""""""""""""""""""""""""""""""""""""""""""""""""""""""""""""""""""""""""""""""""""""""""""""""""""""""""""""""""""""""""""""""""""""""""""""""""""""""""""""""""""""""""""""""""""""""""""""""""""""""""""""""""""""""""""""""""""""""""""""""""""""""""""""""""""""""""""""""""""""""""""""""""""""""""""""""""""""""""""""""""""""""""""""""""""""""""""""""""""""""""""""""""""""""""""""""""""""""""""""""""""""""""""""""""""""""""""""""""""""""""""""""""""""""""""""""""""""""""""""""""""""""""""""""""""""""""""""""""""""""""""""""""""""""""""""""""""""""""""""""""""""""""""""""""""""""""""""""""""""""""""""""""""""""""""""""""""""""""""""""""""""""""""""""""""""""""""""""""""""""""""""""""""""""""""""""""""""""""""""""""""""""""""""""""""""""""""""""""""""""""""""""""""""""""""""""""""""""""""""""""""""""""""""""""""""""""""""""""""""""""""""""""""""""""""""""""""""""""""""""""""""""""""""""""""""""""""""""""""""""""""""""""""""""""""""""""""""""""""""""""""""""""""""""""""""""""""""""""""""""""""""""""""""""""""""""""""""""""""""""""""""""""""""""""""""""""""""""""""""""""""""""""""""""""""""""""""""""""""""""""""""""""""""""""""""""""""""""""""""""""""""""""""""""""""""""""""""""""""""""""""""""""""""""""""""""""""""""""""""""""""""""""""""""""""""""""""""""""""""""""""""""""""""""""""""""""""""""""""""""""""""""""""""""""""""""""""""""""""""""""""""""""""""""""""""""""""""""""""""""""""""""""""""""""""""""""""""""""""""""""""""""""""""""""""""""""""""""""""""""""""""""""""""""""""""""""""""""""""""""""""""""""""""""""""""""""""""""""""""""""""""""""""""""""""""""""""""""""""""""""""""""""""""""""""""""""""""""""""""""""""""""""""""""""""""""""""""""""""""""""""""""""""""""""""""""""""""""""""""""""""""""""""""""""""""""""""""""""""""""""""""""""""""""""""""""""""""""""""""""""""""""""""""""""""""""""""""""""""""""""""""""""""""""""""""""""""""""""""""""""""""""""""""""""""""""""""""""""""""""""""""""""""""""""""""""""""""""""""""""""""""""""""""""""""""""""""""""""""""""""""""""""""""""""""""""""""""""""""""""""""""""""""""""""""""""""""""""""""""""""""""""""""""""""""""""""""""""""""""""""""""""""""""""""""""""""""""""""""""""""""""""""""""""""""""""""""""""""""""""""""""""""""""""""""""""""""""""""""""""""""""""""""""""""""""""""""""""""""""""""""""""""""""""""""""""""""""""""""""""""""""""""""""""""""""""""""""""""""""""""""""""""""""""""""""""""""""""""""""""""""""""""""""""""""""""""""""""""""""""""""""""""""""""""""""""""""""""""""""""""""""""""""""""""""""""""""""""""""""""""""""""""""""""""""""""""""""""""""""""""""""""""""""""""""""""""""""""""""""""""""""""""""""""""""""""""""""""""""""""""""""""""""""""""""""""""""""""""""""""""""""""""""""""""""""""""""""""""""""""""""""""""""""""""""""""""""""""""""""""""""""""""""""""""""""""""""""""""""""""""""""""""""""""""""""""""""""""""""""""""""""""""""""""""""""""""""""""""""""""""""""""""""""""""""""""""""""""""""""""""""""""""""""""""""""""""""""""""""""""""""""""""""""""""""""""""""""""""""""""""""""""""""""""""""""""""""""""""""""""""""""""""""""""""""""""""""""""""""""""""""""""""""""""""""""""""""""""""""""""""""""""""""""""""""""""""""""""""""""""""""""""""""""""""""""""""""""""""""""""""""""""""""""""""""""""""""""""""""""""""""""""""""""""""""""""""""""""""""""""""""""""""""""""""""""""""""""""""""""""""""""""""""""""""""""""""""""""""""""""""""""""""""""""""""""""""""""""""""""""""""""""""""""""""""""""""""""""""""""""""""""""""""""""""""""""""""""""""""""""""""""""""""""""""""""""""""""""""""""""""""""""""""""""""""""""""""""""""""""""""""""""""""""""""""""""""""""""""""""""""""""""""""""""""""""""""""""""""""""""""""""""""""""""""""""""""""""""""""""""""""""""""""""""""""""""""""""""""""""""""""""""""""""""""""""""""""""""""""""""""""""""""""""""""""""""""""""""""""""""""""""""""""""""""""""""""""""""""""""""""""""""""""""""""""""""""""""""""""""""""""""""""""""""""""""""""""""""""""""""""""""""""""""""""""""""""""""""""""""""""""""""""""""""""""""""""""""""""""""""""""""""""""""""""""""""""""""""""""""""""""""""""""""""""""""""""""""""""""""""""""""""""""""""""""""""""""""""""""""""""""""""""""""""""""""""""""""""""""""""""""""""""""""""""""""""""""""""""""""""""""""""""""""""""""""""""""""""""""""""""""""""""""""""""""""""""""""""""""""""""""""""""""""""""""""""""""""""""""""""""""""""""""""""""""""""""""""""""""""""""""""""""""""""""""""""""""""""""""""""""""""""""""""""""""""""""""""""""""""""""""""""""""""""""""""""""""""""""""""""""""""""""""""""""""""""""""""""""""""""""""""""""""""""""""""""""""""""""""""""""""""""""""""""""""""""""""""""""""""""""""""""""""""""""""""""""""""""""""""""""""""""""""""""""""""""""""""""""""""""""""""""""""""""""""""""""""""""""""""""""""""""""""""""""""""""""""""""""""""""""""""""""""""""""""""""""""""""""""""""""""""""""""""""""""""""""""""""""""""""""""""""""""""""""""""""""""""""""""""""""""""""""""""""""""""""""""""""""""""""""""""""""""""""""""""""""""""""""""""""""""""""""""""""""""""""""""""""""""""""""""""""""""""""""""""""""""""""""""""""""""""""""""""""""""""""""""""""""""""""""""""""""""""""""""""""""""""""""""""""""""""""""""""""""""""""""""""""""""""""""""""""""""""""""""""""""""""""""""""""""""""""""""""""""""""""""""""""""""""""""""""""""""""""""""""""""""""""""""""""""""""""""""""""""""""""""""""""""""""""""""""""""""""""""""""""""""""""""""""""""""""""""""""""""""""""""""""""""""""""""""""""""""""""""""""""""""""""""""""""""""""""""""""""""""""""""""""""""""""""""""""""""""""""""""""""""""""""""""""""""""""""""""""""""""""""""""""""""""""""""""""""""""""""""""""""""""""""""""""""""""""""""""""""""""""""""""""""""""""""""""""""""""""""""""""""""""""""""""""""""""""""""""""""""""""""""""""""""""""""""""""""""""""""""""""""""""""""""""""""""""""""""""""""""""""""""""""""""""""""""""""""""""""""""""""""""""""""""""""""""""""""""""""""""""""""""""""""""""""""""""""""""""""""""""""""""""""""""""""""""""""""""""""""""""""""""""""""""""""""""""""""""""""""""""""""""""""""""""""""""""""""""""""""""""""""""""""""""""""""""""""""""""""""""""""""""""""""""""""""""""""""""""""""""""""""""""""""""""""""""""""""""""""""""""""""""""""""""""""""""""""""""""""""""""""""""""""""""""""""""""""""""""""""""""""""""""""""""""""""""""""""""""""""""""""""""""""""""""""""""""""""""""""""""""""""""""""""""""""""""""""""""""""""""""""""""""""""""""""""""""""""""""""""""""""""""""""""""""""""""""""""""""""""""""""""""""""""""""""""""""""""""""""""""""""""""""""""""""""""""""""""""""""""""""""""""""""""""""""""""""""""""""""""""""""""""""""""""""""""""""""""""""""""""""""""""""""""""""""""""""""""""""""""""""""""""""""""""""""""""""""""""""""""""""""""""""""""""""""""""""""""""""""""""""""""""""""""""""""""""""""""""""""""""""""""""""""""""""""""""""""""""""""""""""""""""""""""""""""""""""""""""""""""""""""""""""""""""""""""""""""""""""""""""""""""""""""""""""""""""""""""""""""""""""""""""""""""""""""""""""""""""""""""""""""""""""""""""""""""""""""""""""""""""""""""""""""""""""""""""""""""""""""""""""""""""""""""""""""""""""""""""""""""""""""""""""""""""""""""""""""""""""""""""""""""""""""""""""""""""""""""""""""""""""""""""""""""""""""""""""""""""""""""""""""""""""""""""""""""""""""""""""""""""""""""""""""""""""""""""""""""""""""""""""""""""""""""""""""""""""""""""""""""""""""""""""""""""""""""""""""""""""""""""""""""""""""""""""""""""""""""""""""""""""""""""""""""""""""""""""""""""""""""""""""""""""""""""""""""""""""""""""""""""""""""""""""""""""""""""""""""""""""""""""""""""""""""""""""""""""""""""""""""""""""""""""""""""""""""""""""""""""""""""""""""""""""""""""""""""""""""""""""""""""""""""""""""""""""""""""""""""""""""""""""""""""""""""""""""""""""""""""""""""""""""""""""""""""""""""""""""""""""""""""""""""""""""""""""""""""""""""""""""""""""""""""""""""""""""""""""""""""""""""""""""""""""""""""""""""""""""""""""""""""""""""""""""""""""""""""""""""""""""""""""""""""""""""""""""""""""""""""""""""""""""""""""""""""""""""""""""""""""""""""""""""""""""""""""""""""""""""""""""""""""""""""""""""""""""""""""""""""""""""""""""""""""""""""""""""""""""""""""""""""""""""""""""""""""""""""""""""""""""""""""""""""""""""""""""""""""""""""""""""""""""""""""""""""""""""""""""""""""""""""""""""""""""""""""""""""""""""""""""""""""""""""""""""""""""""""""""""""""""""""""""""""""""""""""""""""""""""""""""""""""""""""""""""""""""""""""""""""""""""""""""""""""""""""""""""""""""""""""""""""""""""""""""""""""""""""""""""""""""""""""""""""""""""""""""""""""""""""""""""""""""""""""""""""""""""""""""""""""""""""""""""""""""""""""""""""""""""""""""""""""""""""""""""""""""""""""""""""""""""""""""""""""""""""""""""""""""""""""""""""""""""""""""""""""""""""""""""""""""""""""""""""""""""""""""""""""""""""""""""""""""""""""""""""""""""""""""""""""""""""""""""""""""""""""""""""""""""""""""""""""""""""""""""""""""""""""""""""""""""""""""""""""""""""""""""""""""""""""""""""""""""""""""""""""""""""""""""""""""""""""""""""""""""""""""""""""""""""""""""""""""""""""""""""""""""""""""""""""""""""""""""""""""""""""""""""""""""""""""""""""""""""""""""""""""""""""""""""""""""""""""""""""""""""""""""""""""""""""""""""""""""""""""""""""""""""""""""""""""""""""""""""""""""""""""""""""""""""""""""""""""""""""""""""""""""""""""""""""""""""""""""""""""""""""""""""""""""""""""""""""""""""""""""""""""""""""""""""""""""""""""""""""""""""""""""""""""""""""""""""""""""""""""""""""""""""""""""""""""""""""""""""""""""""""""""""""""""""""""""""""""""""""""""""""""""""""""""""""""""""""""""""""""""""""""""""""""""""""""""""""""""""""""""""""""""""""""""""""""""""""""""""""""""""""""""""""""""""""""""""""""""""""""""""""""""""""""""""""""""""""""""""""""""""""""""""""""""""""""""""""""""""""""""""""""""""""""""""""""""""""""""""""""""""""""""""""""""""""""""""""""""""""""""""""""""""""""""""""""""""""""""""""""""""""""""""""""""""""""""""""""""""""""""""""""""""""""""""""""""""""""""""""""""""""""""""""""""""""""""""""""""""""""""""""""""""""""""""""""""""""""""""""""""""""""""""""""""""""""""""""""""""""""""""""""""""""""""""""""""""""""""""""""""""""""""""""""""""""""""""""""""""""""""""""""""""""""""""""""""""""""""""""""""""""""""""""""""""""""""""""""""""""""""""""""""""""""""""""""""""""""""""""""""""""""""""""""""""""""""""""""""""""""""""""""""""""""""""""""""""""""""""""""""""""""""""""""""""""""""""""""""""""""""""""""""""""""""""""""""""""""""""""""""""""""""""""""""""""""""""""""""""""""""""""""""""""""""""""""""""""""""""""""""""""""""""""""""""""""""""""""""""""""""""""""""""""""""""""""""""""""""""""""""""""""""""""""""""""""""""""""""""""""""""""""""""""""""""""""""""""""""""""""""""""""""""""""""""""""""""""""""""""""""""""""""""""""""""""""""""""""""""""""""""""""""""""""""""""""""""""""""""""""""""""""""""""""""""""""""""""""""""""""""""""""""""""""""""""""""""""""""""""""""""""""""""""""""""""""""""""""""""""""""""""""""""""""""""""""""""""""""""""""""""""""""""""""""""""""""""""""""""""""""""""""""""""""""""""""""""""""""""""""""""""""""""""""""""""""""""""""""""""""""""""""""""""""""""""""""""""""""""""""""""""""""""""""""""""""""""""""""""""""""""""""""""""""""""""""""""""""""""""""""""""""""""""""""""""""""""""""""""""""""""""""""""""""""""""""""""""""""""""""""""""""""""""""""""""""""""""""""""""""""""""""""""""""""""""""""""""""""""""""""""""""""""""""""""""""""""""""""""""""""""""""""""""""""""""""""""""""""""""""""""""""""""""""""""""""""""""""""""""""""""""""""""""""""""""""""""""""""""""""""""""""""""""""""""""""""""""""""""""""""""""""""""""""""""""""""""""""""""""""""""""""""""""""""""""""""""""""""""""""""""""""""""""""""""""""""""""""""""""""""""""""""""""""""""""""""""""""""""""""""""""""""""""""""""""""""""""""""""""""""""""""""""""""""""""""""""""""""""""""""""""""""""""""""""""""""""""""""""""""""""""""""""""""""""""""""""""""""""""""""""""""""""""""""""""""""""""""""""""""""""""""""""""""""""""""""""""""""""""""""""""""""""""""""""""""""""""""""""""""""""""""""""""""""""""""""""""""""""""""""""""""""""""""""""""""""""""""""""""""""""""""""""""""""""""""""""""""""""""""""""""""""""""""""""""""""""""""""""""""""""""""""""""""""""""""""""""""""""""""""""""""""""""""""""""""""""""""""""""""""""""""""""""""""""""""""""""""""""""""""""""""""""""""""""""""""""""""""""""""""""""""""""""""""""""""""""""""""""""""""""""""""""""""""""""""""""""""""""""""""""""""""""""""""""""""""""""""""""""""""""""""""""""""""""""""""""""""""""""""""""""""""""""""""""""""""""""""""""""""""""""""""""""""""""""""""""""""""""""""""""""""""""""""""""""""""""""""""""""""""""""""""""""""""""""""""""""""""""""""""""""""""""""""""""""""""""""""""""""""""""""""""""""""""""""""""""""""""""""""""""""""""""""""""""""""""""""""""""""""""""""""""""""""""""""""""""""""""""""""""""""""""""""""""""""""""""""""""""""""""""""""""""""""""""""""""""""""""""""""""""""""""""""""""""""""""""""""""""""""""""""""""""""""""""""""""""""""""""""""""""""""""""""""""""""""""""""""""""""""""""""""""""""""""""""""""""""""""""""""""""""""""""""""""""""""""""""""""""""""""""""""""""""""""""""""""""""""""""""""""""""""""""""""""""""""""""""""""""""""""""""""""""""""""""""""""""""""""""""""""""""""""""""""""""""""""""""""""""""""""""""""""""""""""""""""""""""""""""""""""""""""""""""""""""""""""""""""""""""""""""""""""""""""""""""""""""""""""""""""""""""""""""""""""""""""""""""""""""""""""""""""""""""""""""""""""""""""""""""""""""""""""""""""""""""""""""""""""""""""""""""""""""""""""""""""""""""""""""""""""""""""""""""""""""""""""""""""""""""""""""""""""""""""""""""""""""""""""""""""""""""""""""""""""""""""""""""""""""""""""""""""""""""""""""""""""""""""""""""""""""""""""""""""""""""""""""""""""""""""""""""""""""""""""""""""""""""""""""""""""""""""""""""""""""""""""""""""""""""""""""""""""""""""""""""""""""""""""""""""""""""""""""""""""""""""""""""""""""""""""""""""""""""""""""""""""""""""""""""""""""""""""""""""""""""""""""""""""""""""""""""""""""""""""""""""""""""""""""""""""""""""""""""""""""""""""""""""""""""""""""""""""""""""""""""""""""""""""""""""""""""""""""""""""""""""""""""""""""""""""""""""""""""""""""""""""""""""""""""""""""""""""""""""""""""""""""""""""""""""""""""""""""""""""""""""""""""""""""""""""""""""""""""""""""""""""""""""""""""""""""""""""""""""""""""""""""""""""""""""""""""""""""""""""""""""""""""""""""""""""""""""""""""""""""""""""""""""""""""""""""""""""""""""""""""""""""""""""""""""""""""""""""""""""""""""""""""""""""""""""""""""""""""""""""""""""""""""""""""""""""""""""""""""""""""""""""""""""""""""""""""""""""""""""""""""""""""""""""""""""""""""""""""""""""""""""""""""""""""""""""""""""""""""""""""""""""""""""""""""""""""""""""""""""""""""""""""""""""""""""""""""""""""""""""""""""""""""""""""""""""""""""""""""""""""""""""""""""""""""""""""""""""""""""""""""""""""""""""""""""""""""""""""""""""""""""""""""""""""""""""""""""""""""""""""""""""""""""""""""""""""""""""""""""""""""""""""""""""""""""""""""""""""""""""""""""""""""""""""""""""""""""""""""""""""""""""""""""""""""""""""""""""""""""""""""""""""""""""""""""""""""""""""""""""""""""""""""""""""""""""""""""""""""""""""""""""""""""""""""""""""""""""""""""""""""""""""""""""""""""""""""""""""""""""""""""""""""""""""""""""""""""""""""""""""""""""""""""""""""""""""""""""""""""""""""""""""""""""""""""""""""""""""""""""""""""""""""""""""""""""""""""""""""""""""""""""""""""""""""""""""""""""""""""""""""""""""""""""""""""""""""""""""""""""""""""""""""""""""""""""""""""""""""""""""""""""""""""""""""""""""""""""""""""""""""""""""""""""""""""""""""""""""""""""""""""""""""""""""""""""""""""""""""""""""""""""""""""""""""""""""""""""""""""""""""""""""""""""""""""""""""""""""""""""""""""""""""""""""""""""""""""""""""""""""""""""""""""""""""""""""""""""""""""""""""""""""""""""""""""""""""""""""""""""""""""""""""""""""""""""""""""""""""""""""""""""""""""""""""""""""""""""""""""""""""""""""""""""""""""""""""""""""""""""""""""""""""""""""""""""""""""""""""""""""""""""""""""""""""""""""""""""""""""""""""""""""""""""""""""""""""""""""""""""""""""""""""""""""""""""""""""""""""""""""""""""""""""""""""""""""""""""""""""""""""""""""""""""""""""""""""""""""""""""""""""""""""""""""""""""""""""""""""""""""""""""""""""""""""""""""""""""""""""""""""""""""""""""""""""""""""""""""""""""""""""""""""""""""""""""""""""""""""""""""""""""""""""""""""""""""""""""""""""""""""""""""""""""""""""""""""""""""""""""""""""""""""""""""""""""""""""""""""""""""""""""""""""""""""""""""""""""""""""""""""""""""""""""""""""""""""""""""""""""""""""""""""""""""""""""""""""""""""""""""""""""""""""""""""""""""""""""""""""""""""""""""""""""""""""""""""""""""""""""""""""""""""""""""""""""""""""""""""""""""""""""""""""""""""""""""""""""""""""""""""""""""""""""""""""""""""""""""""""""""""""""""""""""""""""""""""""""""""""""""""""""""""""""""""""""""""""""""""""""""""""""""""""""""""""""""""""""""""""""""""""""""""""""""""""""""""""""""""""""""""""""""""""""""""""""""""""""""""""""""""""""""""""""""""""""""""""""""""""""""""""""""""""""""""""""""""""""""""""""""""""""""""""""""""""""""""""""""""""""""""""""""""""""""""""""""""""""""""""""""""""""""""""""""""""""""""""""""""""""""""""""""""""""""""""""""""""""""""""""""""""""""""""""""""""""""""""""""""""""""""""""""""""""""""""""""""""""""""""""""""""""""""""""""""""""""""""""""""""""""""""""""""""""""""""""""""""""""""""""""""""""""""""""""""""""""""""""""""""""""""""""""""""""""""""""""""""""""""""""""""""""""""""""""""""""""""""""""""""""""""""""""""""""""""""""""""""""""""""""""""""""""""""""""""""""""""""""""""""""""""""""""""""""""""""""""""""""""""""""""""""""""""""""""""""""""""""""""""""""""""""""""""""""""""""""""""""""""""""""""""""""""""""""""""""""""""""""""""""""""""""""""""""""""""""""""""""""""""""""""""""""""""""""""""""""""""""""""""""""""""""""""""""""""""""""""""""""""""""""""""""""""""""""""""""""""""""""""""""""""""""""""""""""""""""""""""""""""""""""""""""""""""""""""""""""""""""""""""""""""""""""""""""""""""""""""""""""""""""""""""""""""""""""""""""""""""""""""""""""""""""""""""""""""""""""""""""""""""""""""""""""""""""""""""""""""""""""""""""""""""""""""""""""""""""""""""""""""""""""""""""""""""""""""""""""""""""""""""""""""""""""""""""""""""""""""""""""""""""""""""""""""""""""""""""""""""""""""""""""""""""""""""""""""""""""""""""""""""""""""""""""""""""""""""""""""""""""""""""""""""""""""""""""""""""""""""""""""""""""""""""""""""""""""""""""""""""""""""""""""""""""""""""""""""""""""""""""""""""""""""""""""""""""""""""""""""""""""""""""""""""""""""""""""""""""""""""""""""""""""""""""""""""""""""""""""""""""""""""""""""""""""""""""""""""""""""""""""""""""""""""""""""""""""""""""""""""""""""""""""""""""""""""""""""""""""""""""""""""""""""""""""""""""""""""""""""""""""""""""""""""""""""""""""""""""""""""""""""""""""""""""""""""""""""""""""""""""""""""""""""""""""""""""""""""""""""""""""""""""""""""""""""""""""""""""""""""""""""""""""""""""""""""""""""""""""""""""""""""""""""""""""""""""""""""""""""""""""""""""""""""""""""""""""""""""""""""""""""""""""""""""""""""""""""""""""""""""""""""""""""""""""""""""""""""""""""""""""""""""""""""""""""""""""""""""""""""""""""""""""""""""""""""""""""""""""""""""""""""""""""""""""""""""""""""""""""""""""""""""""""""""""""""""""""""""""""""""""""""""""""""""""""""""""""""""""""""""""""""""""""""""""""""""""""""""""""""""""""""""""""""""""""""""""""""""""""""""""""""""""""""""""""""""""""""""""""""""""""""""""""""""""""""""""""""""""""""""""""""""""""""""""""""""""""""""""""""""""""""""""""""""""""""""""""""""""""""""""""""""""""""""""""""""""""""""""""""""""""""""""""""""""""""""""""""""""""""""""""""""""""""""""""""""""""""""""""""""""""""""""""""""""""""""""""""""""""""""""""""""""""""""""""""""""""""""""""""""""""""""""""""""""""""""""""""""""""""""""""""""""""""""""""""""""""""""""""""""""""""""""""""""""""""""""""""""""""""""""""""""""""""""""""""""""""""""""""""""""""""""""""""""""""""""""""""""""""""""""""""""""""""""""""""""""""""""""""""""""""""""""""""""""""""""""""""""""""""""""""""""""""""""""""""""""""""""""""""""""""""""""""""""""""""""""""""""""""""""""""""""""""""""""""""""""""""""""""""""""""""""""""""""""""""""""""""""""""""""""""""""""""""""""""""""""""""""""""""""""""""""""""""""""""""""""""""""""""""""""""""""""""""""""""""""""""""""""""""""""""""""""""""""""""""""""""""""""""""""""""""""""""""""""""""""""""""""""""""""""""""""""""""""""""""""""""""""""""""""""""""""""""""""""""""""""""""""""""""""""""""""""""""""""""""""""""""""""""""""""""""""""""""""""""""""""""""""""""""""""""""""""""""""""""""""""""""""""""""""""""""""""""""""""""""""""""""""""""""""""""""""""""""""""""""""""""""""""""""""""""""""""""""""""""""""""""""""""""""""""""""""""""""""""""""""""""""""""""""""""""""""""""""""""""""""""""""""""""""""""""""""""""""""""""""""""""""""""""""""""""""""""""""""""""""""""""""""""""""""""""""""""""""""""""""""""""""""""""""""""""""""""""""""""""""""""""""""""""""""""""""""""""""""""""""""""""""""""""""""""""""""""""""""""""""""""""""""""""""""""""""""""""""""""""""""""""""""""""""""""""""""""""""""""""""""""""""""""""""""""""""""""""""""""""""""""""""""""""""""""""""""""""""""""""""""""""""""""""""""""""""""""""""""""""""""""""""""""""""""""""""""""""""""""""""""""""""""""""""""""""""""""""""""""""""""""""""""""""""""""""""""""""""""""""""""""""""""""""""""""""""""""""""""""""""""""""""""""""""""""""""""""""""""""""""""""""""""""""""""""""""""""""""""""""""""""""""""""""""""""""""""""""""""""""""""""""""""""""""""""""""""""""""""""""""""""""""""""""""""""""""""""""""""""""""""""""""""""""""""""""""""""""""""""""""""""""""""""""""""""""""""""""""""""""""""""""""""""""""""""""""""""""""""""""""""""""""""""""""""""""""""""""""""""""""""""""""""""""""""""""""""""""""""""""""""""""""""""""""""""""""""""""""""""""""""""""""""""""""""""""""""""""""""""""""""""""""""""""""""""""""""""""""""""""""""""""""""""""""""""""""""""""""""""""""""""""""""""""""""""""""""""""""""""""""""""""""""""""""""""""""""""""""""""""""""""""""""""""""""""""""""""""""""""""""""""""""""""""""""""""""""""""""""""""""""""""""""""""""""""""""""""""""""""""""""""""""""""""""""""""""""""""""""""""""""""""""""""""""""""""""""""""""""""""""""""""""""""""""""""""""""""""""""""""""""""""""""""""""""""""""""""""""""""""""""""""""""""""""""""""""""""""""""""""""""""""""""""""""""""""""""""""""""""""""""""""""""""""""""""""""""""""""""""""""""""""""""""""""""""""""""""""""""""""""""""""""""""""""""""""""""""""""""""""""""""""""""""""""""""""""""""""""""""""""""""""""""""""""""""""""""""""""""""""""""""""""""""""""""""""""""""""""""""""""""""""""""""""""""""""""""""""""""""""""""""""""""""""""""""""""""""""""""""""""""""""""""""""""""""""""""""""""""""""""""""""""""""""""""""""""""""""""""""""""""""""""""""""""""""""""""""""""""""""""""""""""""""""""""""""""""""""""""""""""""""""""""""""""""""""""""""""""""""""""""""""""""""""""""""""""""""""""""""""""""""""""""""""""""""""""""""""""""""""""""""""""""""""""""""""""""""""""""""""""""""""""""""""""""""""""""""""""""""""""""""""""""""""""""""""""""""""""""""""""""""""""""""""""""""""""""""""""""""""""""""""""""""""""""""""""""""""""""""""""""""""""""""""""""""""""""""""""""""""""""""""""""""""""""""""""""""""""""""""""""""""""""""""""""""""""""""""""""""""""""""""""""""""""""""""""""""""""""""""""""""""""""""""""""""""""""""""""""""""""""""""""""""""""""""""""""""""""""""""""""""""""""""""""""""""""""""""""""""""""""""""""""""""""""""""""""""""""""""""""""""""""""""""""""""""""""""""""""""""""""""""""""""""""""""""""""""""""""""""""""""""""""""""""""""""""""""""""""""""""""""""""""""""""""""""""""""""""""""""""""""""""""""""""""""""""""""""""""""""""""""""""""""""""""""""""""""""""""""""""""""""""""""""""""""""""""""""""""""""""""""""""""""""""""""""""""""""""""""""""""""""""""""""""""""""""""""""""""""""""""""""""""""""""""""""""""""""""""""""""""""""""""""""""""""""""""""""""""""""""""""""""""""""""""""""""""""""""""""""""""""""""""""""""""""""""""""""""""""""""""""""""""""""""""""""""""""""""""""""""""""""""""""""""""""""""""""""""""""""""""""""""""""""""""""""""""""""""""""""""""""""""""""""""""""""""""""""""""""""""""""""""""""""""""""""""""""""""""""""""""""""""""""""""""""""""""""""""""""""""""""""""""""""""""""""""""""""""""""""""""""""""""""""""""""""""""""""""""""""""""""""""""""""""""""""""""""""""""""""""""""""""""""""""""""""""""""""""""""""""""""""""""""""""""""""""""""""""""""""""""""""""""""""""""""""""""""""""""""""""""""""""""""""""""""""""""""""""""""""""""""""""""""""""""""""""""""""""""""""""""""""""""""""""""""""""""""""""""""""""""""""""""""""""""""""""""""""""""""""""""""""""""""""""""""""""""""""""""""""""""""""""""""""""""""""""""""""""""""""""""""""""""""""""""""""""""""""""""""""""""""""""""""""""""""""""""""""""""""""""""""""""""""""""""""""""""""""""""""""""""""""""""""""""""""""""""""""""""""""""""""""""""""""""""""""""""""""""""""""""""""""""""""""""""""""""""""""""""""""""""""""""""""""""""""""""""""""""""""""""""""""""""""""""""""""""""""""""""""""""""""""""""""""""""""""""""""""""""""""""""""""""""""""""""""""""""""""""""""""""""""""""""""""""""""""""""""""""""""""""""""""""""""""""""""""""""""""""""""""""""""""""""""""""""""""""""""""""""""""""""""""""""""""""""""""""""""""""""""""""""""""""""""""""""""""""""""""""""""""""""""""""""""""""""""""""""""""""""""""""""""""""""""""""""""""""""""""""""""""""""""""""""""""""""""""""""""""""""""""""""""""""""""""""""""""""""""""""""""""""""""""""""""""""""""""""""""""""""""""""""""""""""""""""""""""""""""""""""""""""""""""""""""""""""""""""""""""""""""""""""""""""""""""""""""""""""""""""""""""""""""""""""""""""""""""""""""""""""""""""""""""""""""""""""""""""""""""""""""""""""""""""""""""""""""""""""""""""""""""""""""""""""""""""""""""""""""""""""""""""""""""""""""""""""""""""""""""""""""""""""""""""""""""""""""""""""""""""""""""""""""""""""""""""""""""""""""""""""""""""""""""""""""""""""""""""""""""""""""""""""""""""""""""""""""""""""""""""""""""""""""""""""""""""""""""""""""""""""""""""""""""""""""""""""""""""""""""""""""""""""""""""""""""""""""""""""""""""""""""""""""""""""""""""""""""""""""""""""""""""""""""""""""""""""""""""""""""""""""""""""""""""""""""""""""""""""""""""""""""""""""""""""""""""""""""""""""""""""""""""""""""""""""""""""""""""""""""""""""""""""""""""""""""""""""""""""""""""""""""""""""""""""""""""""""""""""""""""""""""""""""""""""""""""""""""""""""""""""""""""""""""""""""""""""""""""""""""""""""""""""""""""""""""""""""""""""""""""""""""""""""""""""""""""""""""""""""""""""""""""""""""""""""""""""""""""""""""""""""""""""""""""""""""""""""""""""""""""""""""""""""""""""""""""""""""""""""""""""""""""""""""""""""""""""""""""""""""""""""""""""""""""""""""""""""""""""""""""""""""""""""""""""""""""""""""""""""""""""""""""""""""""""""""""""""""""""""""""""""""""""""""""""""""""""""""""""""""""""""""""""""""""""""""""""""""""""""""""""""""""""""""""""""""""""""""""""""""""""""""""""""""""""""""""""""""""""""""""""""""""""""""""""""""""""""""""""""""""""""""""""""""""""""""""""""""""""""""""""""""""""""""""""""""""""""""""""""""""""""""""""""""""""""""""""""""""""""""""""""""""""""""""""""""""""""""""""""""""""""""""""""""""""""""""""""""""""""""""""""""""""""""""""""""""""""""""""""""""""""""""""""""""""""""""""""""""""""""""""""""""""""""""""""""""""""""""""""""""""""""""""""""""""""""""""""""""""""""""""""""""""""""""""""""""""""""""""""""""""""""""""""""""""""""""""""""""""""""""""""""""""""""""""""""""""""""""""""""""""""""""""""""""""""""""""""""""""""""""""""""""""""""""""""""""""""""""""""""""""""""""""""""""""""""""""""""""""""""""""""""""""""""""""""""""""""""""""""""""""""""""""""""""""""""""""""""""""""""""""""""""""""""""""""""""""""""""""""""""""""""""""""""""""""""""""""""""""""""""""""""""""""""""""""""""""""""""""""""""""""""""""""""""""""""""""""""""""""""""""""""""""""""""""""""""""""""""""""""""""""""""""""""""""""""""""""""""""""""""""""""""""""""""""""""""""""""""""""""""""""""""""""""""""""""""""""""""""""""""""""""""""""""""""""""""""""""""""""""""""""""""""""""""""""""""""""""""""""""""""""""""""""""""""""""""""""""""""""""""""""""""""""""""""""""""""""""""""""""""""""""""""""""""""""""""""""""""""""""""""""""""""""""""""""""""""""""""""""""""""""""""""""""""""""""""""""""""""""""""""""""""""""""""""""""""""""""""""""""""""""""""""""""""""""""""""""""""""""""""""""""""""""""""""""""""""""""""""""""""""""""""""""""""""""""""""""""""""""""""""""""""""""""""""""""""""""""""""""""""""""""""""""""""""""""""""""""""""""""""""""""""""""""""""""""""""""""""""""""""""""""""""""""""""""""""""""""""""""""""""""""""""""""""""""""""""""""""""""""""""""""""""""""""""""""""""""""""""""""""""""""""""""""""""""""""""""""""""""""""""""""""""""""""""""""""""""""""""""""""""""""""""""""""""""""""""""""""""""""""""""""""""""""""""""""""""""""""""""""""""""""""""""""""""""""""""""""""""""""""""""""""""""""""""""""""""""""""""""""""""""""""""""""""""""""""""""""""""""""""""""""""""""""""""""""""""""""""""""""""""""""""""""""""""""""""""""""""""""""""""""""""""""""""""""""""""""""""""""""""""""""""""""""""""""""""""""""""""""""""""""""""""""""""""""""""""""""""""""""""""""""""""""""""""""""""""""""""""""""""""""""""""""""""""""""""""""""""""""""""""""""""""""""""""""""""""""""""""""""""""""""""""""""""""""""""""""""""""""""""""""""""""""""""""""""""""""""""""""""""""""""""""""""""""""""""""""""""""""""""""""""""""""""""""""""""""""""""""""""""""""""""""""""""""""""""""""""""""""""""""""""""""""""""""""""""""""""""""""""""""""""""""""""""""""""""""""""""""""""""""""""""""""""""""""""""""""""""""""""""""""""""""""""""""""""""""""""""""""""""""""""""""""""""""""""""""""""""""""""""""""""""""""""""""""""""""""""""""""""""""""""""""""""""""""""""""""""""""""""""""""""""""""""""""""""""""""""""""""""""""""""""""""""""""""""""""""""""""""""""""""""""""""""""""""""""""""""""""""""""""""""""""""""""""""""""""""""""""""""""""""""""""""""""""""""""""""""""""""""""""""""""""""""""""""""""""""""""""""""""""""""""""""""""""""""""""""""""""""""""""""""""""""""""""""""""""""""""""""""""""""""""""""""""""""""""""""""""""""""""""""""""""""""""""""""""""""""""""""""""""""""""""""""""""""""""""""""""""""""""""""""""""""""""""""""""""""""""""""""""""""""""""""""""""""""""""""""""""""""""""""""""""""""""""""""""""""""""""""""""""""""""""""""""""""""""""""""""""""""""""""""""""""""""""""""""""""""""""""""""""""""""""""""""""""""""""""""""""""""""""""""""""""""""""""""""""""""""""""""""""""""""""""""""""""""""""""""""""""""""""""""""""""""""""""""""""""""""""""""""""""""""""""""""""""""""""""""""""""""""""""""""""""""""""""""""""""""""""""""""""""""""""""""""""""""""""""""""""""""""""""""""""""""""""""""""""""""""""""""""""""""""""""""""""""""""""""""""""""""""""""""""""""""""""""""""""""""""""""""""""""""""""""""""""""""""""""""""""""""""""""""""""""""""""""""""""""""""""""""""""""""""""""""""""""""""""""""""""""""""""""""""""""""""""""""""""""""""""""""""""""""""""""""""""""""""""""""""""""""""""""""""""""""""""""""""""""""""""""""""""""""""""""""""""""""""""""""""""""""""""""""""""""""""""""""""""""""""""""""""""""""""""""""""""""""""""""""""""""""""""""""""""""""""""""""""""""""""""""""""""""""""""""""""""""""""""""""""""""""""""""""""""""""""""""""""""""""""""""""""""""""""""""""""""""""""""""""""""""""""""""""""""""""""""""""""""""""""""""""""""""""""""""""""""""""""""""""""""""""""""""""""""""""""""""""""""""""""""""""""""""""""""""""""""""""""""""""""""""""""""""""""""""""""""""""""""""""""""""""""""""""""""""""""""""""""""""""""""""""""""""""""""""""""""""""""""""""""""""""""""""""""""""""""""""""""""""""""""""""""""""""""""""""""""""""""""""""""""""""""""""""""""""""""""""""""""""""""""""""""""""""""""""""""""""""""""""""""""""""""""""""""""""""""""""""""""""""""""""""""""""""""""""""""""""""""""""""""""""""""""""""""""""""""""""""""""""""""""""""""""""""""""""""""""""""""""""""""""""""""""""""""""""""""""""""""""""""""""""""""""""""""""""""""""""""""""""""""""""""""""""""""""""""""""""""""""""""""""""""""""""""""""""""""""""""""""""""""""""""""""""""""""""""""""""""""""""""""""""""""""""""""""""""""""""""""""""""""""""""""""""""""""""""""""""""""""""""""""""""""""""""""""""""""""""""""""""""""""""""""""""""""""""""""""""""""""""""""""""""""""""""""""""""""""""""""""""""""""""""""""""""""""""""""""""""""""""""""""""""""""""""""""""""""""""""""""""""""""""""""""""""""""""""""""""""""""""""""""""""""""""""""""""""""""""""""""""""""""""""""""""""""""""""""""""""""""""""""""""""""""""""""""""""""""""""""""""""""""""""""""""""""""""""""""""""""""""""""""""""""""""""""""""""""""""""""""""""""""""""""""""""""""""""""""""""""""""""""""""""""""""""""""""""""""""""""""""""""""""""""""""""""""""""""""""""""""""""""""""""""""""""""""""""""""""""""""""""""""""""""""""""""""""""""""""""""""""""""""""""""""""""""""""""""""""""""""""""""""""""""""""""""""""""""""""""""""""""""""""""""""""""""""""""""""""""""""""""""""""""""""""""""""""""""""""""""""""""""""""""""""""""""""""""""""""""""""""""""""""""""""""""""""""""""""""""""""""""""""""""""""""""""""""""""""""""""""""""""""""""""""""""""""""""""""""""""""""""""""""""""""""""""""""""""""""""""""""""""""""""""""""""""""""""""""""""""""""""""""""""""""""""""""""""""""""""""""""""""""""""""""""""""""""""""""""""""""""""""""""""""""""""""""""""""""""""""""""""""""""""""""""""""""""""""""""""""""""""""""""""""""""""""""""""""""""""""""""""""""""""""""""""""""""""""""""""""""""""""""""""""""""""""""""""""""""""""""""""""""""""""""""""""""""""""""""""""""""""""""""""""""""""""""""""""""""""""""""""""""""""""""""""""""""""""""""""""""""""""""""""""""""""""""""""""""""""""""""""""""""""""""""""""""""""""""""""""""""""""""""""""""""""""""""""""""""""""""""""""""""""""""""""""""""""""""""""""""""""""""""""""""""""""""""""""""""""""""""""""""""""""""""""""""""""""""""""""""""""""""""""""""""""""""""""""""""""""""""""""""""""""""""""""""""""""""""""""""""""""""""""""""""""""""""""""""""""""""""""""""""""""""""""""""""""""""""""""""""""""""""""""""""""""""""""""""""""""""""""""""""""""""""""""""""""""""""""""""""""""""""""""""""""""""""""""""""""""""""""""""""""""""""""""""""""""""""""""""""""""""""""""""""""""""""""""""""""""""""""""""""""""""""""""""""""""""""""""""""""""""""""""""""""""""""""""""""""""""""""""""""""""""""""""""""""""""""""""""""""""""""""""""""""""""""""""""""""""""""""""""""""""""""""""""""""""""""""""""""""""""""""""""""""""""""""""""""""""""""""""""""""""""""""""""""""""""""""""""""""""""""""""""""""""""""""""""""""""""""""""""""""""""""""""""""""""""""""""""""""""""""""""""""""""""""""""""""""""""""""""""""""""""""""""""""""""""""""""""""""""""""""""""""""""""""""""""""""""""""""""""""""""""""""""""""""""""""""""""""""""""""""""""""""""""""""""""""""""""""""""""""""""""""""""""""""""""""""""""""""""""""""""""""""""""""""""""""""""""""""""""""""""""""""""""""""""""""""""""""""""""""""""""""""""""""""""""""""""""""""""""""""""""""""""""""""""""""""""""""""""""""""""""""""""""""""""""""""""""""""""""""""""""""""""""""""""""""""""""""""""""""""""""""""""""""""""""""""""""""""""""""""""""""""""""""""""""""""""""""""""""""""""""""""""""""""""""""""""""""""""""""""""""""""""""""""""""""""""""""""""""""""""""""""""""""""""""""""""""""""""""""""""""""""""""""""""""""""""""""""""""""""""""""""""""""""""""""""""""""""""""""""""""""""""""""""""""""""""""""""""""""""""""""""""""""""""""""""""""""""""""""""""""""""""""""""""""""""""""""""""""""""""""""""""""""""""""""""""""""""""""""""""""""""""""""""""""""""""""""""""""""""""""""""""""""""""""""""""""""""""""""""""""""""""""""""""""""""""""""""""""""""""""""""""""""""""""""""""""""""""""""""""""""""""""""""""""""""""""""""""""""""""""""""""""""""""""""""""""""""""""""""""""""""""""""""""""""""""""""""""""""""""""""""""""""""""""""""""""""""""""""""""""""""""""""""""""""""""""""""""""""""""""""""""""""""""""""""""""""""""""""""""""""""""""""""""""""""""""""""""""""""""""""""""""""""""""""""""""""""""""""""""""""""""""""""""""""""""""""""""""""""""""""""""""""""""""""""""""""""""""""""""""""""""""""""""""""""""""""""""""""""""""""""""""""""""""""""""""""""""""""""""""""""""""""""""""""""""""""""""""""""""""""""""""""""""""""""""""""""""""""""""""""""""""""""""""""""""""""""""""""""""""""""""""""""""""""""""""""""""""""""""""""""""""""""""""""""""""""""""""""""""""""""""""""""""""""""""""""""""""""""""""""""""""""""""""""""""""""""""""""""""""""""""""""""""""""""""""""""""""""""""""""""""""""""""""""""""""""""""""""""""""""""""""""""""""""""""""""""""""""""""""""""""""""""""""""""""""""""""""""""""""""""""""""""""""""""""""""""""""""""""""""""""""""""""""""""""""""""""""""""""""""""""""""""""""""""""""""""""""""""""""""""""""""""""""""""""""""""""""""""""""""""""""""""""""""""""""""""""""""""""""""""""""""""""""""""""""""""""""""""""""""""""""""""""""""""""""""""""""""""""""""""""""""""""""""""""""""""""""""""""""""""""""""""""""""""""""""""""""""""""""""""""""""""""""""""""""""""""""""""""""""""""""""""""""""""""""""""""""""""""""""""""""""""""""""""""""""""""""""""""""""""""""""""""""""""""""""""""""""""""""""""""""""""""""""""""""""""""""""""""""""""""""""""""""""""""""""""""""""""""""""""""""""""""""""""""""""""""""""""""""""""""""""""""""""""""""""""""""""""""""""""""""""""""""""""""""""""""""""""""""""""""""""""""""""""""""""""""""""""""""""""""""""""""""""""""""""""""""""""""""""""""""""""""""""""""""""""""""""""""""""""""""""""""""""""""""""""""""""""""""""""""""""""""""""""""""""""""""""""""""""""""""""""""""""""""""""""""""""""""""""""""""""""""""""""""""""""""""""""""""""""""""""""""""""""""""""""""""""""""""""""""""""""""""""""""""""""""""""""""""""""""""""""""""""""""""""""""""""""""""""""""""""""""""""""""""""""""""""""""""""""""""""""""""""""""""""""""""""""""""""""""""""""""""""""""""""""""""""""""""""""""""""""""""""""""""""""""""""""""""""""""""""""""""""""""""""""""""""""""""""""""""""""""""""""""""""""""""""""""""""""""""""""""""""""""""""""""""""""""""""""""""""""""""""""""""""""""""""""""""""""""""""""""""""""""""""""""""""""""""""""""""""""""""""""""""""""""""""""""""""""""""""""""""""""""""""""""""""""""""""""""""""""""""""""""""""""""""""""""""""""""""""""""""""""""""""""""""""""""""""""""""""""""""""""""""""""""""""""""""""""""""""""""""""""""""""""""""""""""""""""""""""""""""""""""""""""""""""""""""""""""""""""""""""""""""""""""""""""""""""""""""""""""""""""""""""""""""""""""""""""""""""""""""""""""""""""""""""""""""""""""""""""""""""""""""""""""""""""""""""""""""""""""""""""""""""""""""""""""""""""""""""""""""""""""""""""""""""""""""""""""""""""""""""""""""""""""""""""""""""""""""""""""""""""""""""""""""""""""""""""""""""""""""""""""""""""""""""""""""""""""""""""""""""""""""""""""""""""""""""""""""""""""""""""""""""""""""""""""""""""""""""""""""""""""""""""""""""""""""""""""""""""""""""""""""""""""""""""""""""""""""""""""""""""""""""""""""""""""""""""""""""""""""""""""""""""""""""""""""""""""""""""""""""""""""""""""""""""""""""""""""""""""""""""""""""""""""""""""""""""""""""""""""""""""""""""""""""""""""""""""""""""""""""""""""""""""""""""""""""""""""""""""""""""""""""""""""""""""""""""""""""""""""""""""""""""""""""""""""""""""""""""""""""""""""""""""""""""""""""""""""""""""""""""""""""""""""""""""""""""""""""""""""""""""""""""""""""""""""""""""""""""""""""""""""""""""""""""""""""""""""""""""""""""""""""""""""""""""""""""""""""""""""""""""""""""""""""""""""""""""""""""""""""""""""""""""""""""""""""""""""""""""""""""""""""""""""""""""""""""""""""""""""""""""""""""""""""""""""""""""""""""""""""""""""""""""""""""""""""""""""""""""""""""""""""""""""""""""""""""""""""""""""""""""""""""""""""""""""""""""""""""""""""""""""""""""""""""""""""""""""""""""""""""""""""""""""""""""""""""""""""""""""""""""""""""""""""""""""""""""""""""""""""""""""""""""""""""""""""""""""""""""""""""""""""""""""""""""""""""""""""""""""""""""""""""""""""""""""""""""""""""""""""""""""""""""""""""""""""""""""""""""""""""""""""""""""""""""""""""""""""""""""""""""""""""""""""""""""""""""""""""""""""""""""""""""""""""""""""""""""""""""""""""""""""""""""""""""""""""""""""""""""""""""""""""""""""""""""""""""""""""""""""""""""""""""""""""""""""""""""""""""""""""""""""""""""""""""""""""""""""""""""""""""""""""""""""""""""""""""""""""""""""""""""""""""""""""""""""""""""""""""""""""""""""""""""""""""""""""""""""""""""""""""""""""""""""""""""""""""""""""""""""""""""""""""""""""""""""""""""""""""""""""""""""""""""""""""""""""""""""""""""""""""""""""""""""""""""""""""""""""""""""""""""""""""""""""""""""""""""""""""""""""""""""""""""""""""""""""""""""""""""""""""""""""""""""""""""""""""""""""""""""""""""""""""""""""""""""""""""""""""""""""""""""""""""""""""""""""""""""""""""""""""""""""""""""""""""""""""""""""""""""""""""""""""""""""""""""""""""""""""""""""""""""""""""""""""""""""""""""""""""""""""""""""""""""""""""""""""""""""""""""""""""""""""""""""""""""""""""""""""""""""""""""""""""""""""""""""""""""""""""""""""""""""""""""""""""""""""""""""""""""""""""""""""""""""""""""""""""""""""""""""""""""""""""""""""""""""""""""""""""""""""""""""""""""""""""""""""""""""""""""""""""""""""""""""""""""""""""""""""""""""""""""""""""""""""""""""""""""""""""""""""""""""""""""""""""""""""""""""""""""""""""""""""""""""""""""""""""""""""""""""""""""""""""""""""""""""""""""""""""""""""""""""""""""""""""""""""""""""""""""""""""""""""""""""""""""""""""""""""""""""""""""""""""""""""""""""""""""""""""""""""""""""""""""""""""""""""""""""""""""""""""""""""""""""""""""""""""""""""""""""""""""""""""""""""""""""""""""""""""""""""""""""""""""""""""""""""""""""""""""""""""""""""""""""""""""""""""""""""""""""""""""""""""""""""""""""""""""""""""""""""""""""""""""""""""""""""""""""""""""""""""""""""""""""""""""""""""""""""""""""""""""""""""""""""""""""""""""""""""""""""""""""""""""""""""""""""""""""""""""""""""""""""""""""""""""""""""""""""""""""""""""""""""""""""""""""""""""""""""""""""""""""""""""""""""""""""""""""""""""""""""""""""""""""""""""""""""""""""""""""""""""""""""""""""""""""""""""""""""""""""""""""""""""""""""""""""""""""""""""""""""""""""""""""""""""""""""""""""""""""""""""""""""""""""""""""""""""""""""""""""""""""""""""""""""""""""""""""""""""""""""""""""""""""""""""""""""""""""""""""""""""""""""""""""""""""""""""""""""""""""""""""""""""""""""""""""""""""""""""""""""""""""""""""""""""""""""""""""""""""""""""""""""""""""""""""""""""""""""""""""""""""""""""""""""""""""""""""""""""""""""""""""""""""""""""""""""""""""""""""""""""""""""""""""""""""""""""""""""""""""""""""""""""""""""""""""""""""""""""""""""""""""""""""""""""""""""""""""""""""""""""""""""""""""""""""""""""""""""""""""""""""""""""""""""""""""""""""""""""""""""""""""""""""""""""""""""""""""""""""""""""""""""""""""""""""""""""""""""""""""""""""""""""""""""""""""""""""""""""""""""""""""""""""""""""""""""""""""""""""""""""""""""""""""""""""""""""""""""""""""""""""""""""""""""""""""""""""""""""""""""""""""""""""""""""""""""""""""""""""""""""""""""""""""""""""""""""""""""""""""""""""""""""""""""""""""""""""""""""""""""""""""""""""""""""""""""""""""""""""""""""""""""""""""""""""""""""""""""""""""""""""""""""""""""""""""""""""""""""""""""""""""""""""""""""""""""""""""""""""""""""""""""""""""""""""""""""""""""""""""""""""""""""""""""""""""""""""""""""""""""""""""""""""""""""""""""""""""""""""""""""""""""""""""""""""""""""""""""""""""""""""""""""""""""""""""""""""""""""""""""""""""""""""""""""""""""""""""""""""""""""""""""""""""""""""""""""""""""""""""""""""""""""""""""""""""""""""""""""""""""""""""""""""""""""""""""""""""""""""""""""""""""""""""""""""""""""""""""""""""""""""""""""""""""""""""""""""""""""""""""""""""""""""""""""""""""""""""""""""""""""""""""""""""""""""""""""""""""""""""""""""""""""""""""""""""""""""""""""""""""""""""""""""""""""""""""""""""""""""""""""""""""""""""""""""""""""""""""""""""""""""""""""""""""""""""""""""""""""""""""""""""""""""""""""""""""""""""""""""""""""""""""""""""""""""""""""""""""""""""""""""""""""""""""""""""""""""""""""""""""""""""""""""""""""""""""""""""""""""""""""""""""""""""""""""""""""""""""""""""""""""""""""""""""""""""""""""""""""""""""""""""""""""""""""""""""""""""""""""""""""""""""""""""""""""""""""""""""""""""""""""""""""""""""""""""""""""""""""""""""""""""""""""""""""""""""""""""""""""""""""""""""""""""""""""""""""""""""""""""""""""""""""""""""""""""""""""""""""""""""""""""""""""""""""""""""""""""""""""""""""""""""""""""""""""""""""""""""""""""""""""""""""""""""""""""""""""""""""""""""""""""""""""""""""""""""""""""""""""""""""""""""""""""""""""""""""""""""""""""""""""""""""""""""""""""""""""""""""""""""""""""""""""""""""""""""""""""""""""""""""""""""""""""""""""""""""""""""""""""""""""""""""""""""""""""""""""""""""""""""""""""""""""""""""""""""""""""""""""""""""""""""""""""""""""""""""""""""""""""""""""""""""""""""""""""""""""""""""""""""""""""""""""""""""""""""""""""""""""""""""""""""""""""""""""""""""""""""""""""""""""""""""""""""""""""""""""""""""""""""""""""""""""""""""""""""""""""""""""""""""""""""""""""""""""""""""""""""""""""""""""""""""""""""""""""""""""""""""""""""""""""""""""""""""""""""""""""""""""""""""""""""""""""""""""""""""""""""""""""""""""""""""""""""""""""""""""""""""""""""""""""""""""""""""""""""""""""""""""""""""""""""""""""""""""""""""""""""""""""""""""""""""""""""""""""""""""""""""""""""""""""""""""""""""""""""""""""""""""""""""""""""""""""""""""""""""""""""""""""""""""""""""""""""""""""""""""""""""""""""""""""""""""""""""""""""""""""""""""""""""""""""""""""""""""""""""""""""""""""""""""""""""""""""""""""""""""""""""""""""""""""""""""""""""""""""""""""""""""""""""""""""""""""""""""""""""""""""""""""""""""""""""""""""""""""""""""""""""""""""""""""""""""""""""""""""""""""""""""""""""""""""""""""""""""""""""""""""""""""""""""""""""""""""""""""""""""""""""""""""""""""""""""""""""""""""""""""""""""""""""""""""""""""""""""""""""""""""""""""""""""""""""""""""""""""""""""""""""""""""""""""""""""""""""""""""""""""""""""""""""""""""""""""""""""""""""""""""""""""""""""""""""""""""""""""""""""""""""""""""""""""""""""""""""""""""""""""""""""""""""""""""""""""""""""""""""""""""""""""""""""""""""""""""""""""""""""""""""""""""""""""""""""""""""""""""""""""""""""""""""""""""""""""""""""""""""""""""""""""""""""""""""""""""""""""""""""""""""""""""""""""""""""""""""""""""""""""""""""""""""""""""""""""""""""""""""""""""""""""""""""""""""""""""""""""""""""""""""""""""""""""""""""""""""""""""""""""""""""""""""""""""""""""""""""""""""""""""""""""""""""""""""""""""""""""""""""""""""""""""""""""""""""""""""""""""""""""""""""""""""""""""""""""""""""""""""""""""""""""""""""""""""""""""""""""""""""""""""""""""""""""""""""""""""""""""""""""""""""""""""""""""""""""""""""""""""""""""""""""""""""""""""""""""""""""""""""""""""""""""""""""""""""""""""""""""""""""""""""""""""""""""""""""""""""""""""""""""""""""""""""""""""""""""""""""""""""""""""""""""""""""""""""""""""""""""""""""""""""""""""""""""""""""""""""""""""""""""""""""""""""""""""""""""""""""""""""""""""""""""""""""""""""""""""""""""""""""""""""""""""""""""""""""""""""""""""""""""""""""""""""""""""""""""""""""""""""""""""""""""""""""""""""""""""""""""""""""""""""""""""""""""""""""""""""""""""""""""""""""""""""""""""""""""""""""""""""""""""""""""""""""""""""""""""""""""""""""""""""""""""""""""""""""""""""""""""""""""""""""""""""""""""""""""""""""""""""""""""""""""""""""""""""""""""""""""""""""""""""""""""""""""""""""""""""""""""""""""""""""""""""""""""""""""""""""""""""""""""""""""""""""""""""""""""""""""""""""""""""""""""""""""""""""""""""""""""""""""""""""""""""""""""""""""""""""""""""""""""""""""""""""""""""""""""""""""""""""""""""""""""""""""""""""""""""""""""""""""""""""""""""""""""""""""""""""""""""""""""""""""""""""""""""""""""""""""""""""""""""""""""""""""""""""""""""""""""""""""""""""""""""""""""""""""""""""""""""""""""""""""""""""""""""""""""""""""""""""""""""""""""""""""""""""""""""""""""""""""""""""""""""""""""""""""""""""""""""""""""""""""""""""""""""""""""""""""""""""""""""""""""""""""""""""""""""""""""""""""""""""""""""""""""""""""""""""""""""""""""""""""""""""""""""""""""""""""""""""""""""""""""""""""""""""""""""""""""""""""""""""""""""""""""""""""""""""""""""""""""""""""""""""""""""""""""""""""""""""""""""""""""""""""""""""""""""""""""""""""""""""""""""""""""""""""""""""""""""""""""""""""""""""""""""""""""""""""""""""""""""""""""""""""""""""""""""""""""""""""""""""""""""""""""""""""""""""""""""""""""""""""""""""""""""""""""""""""""""""""""""""""""""""""""""""""""""""""""""""""""""""""""""""""""""""""""""""""""""""""""""""""""""""""""""""""""""""""""""""""""""""""""""""""""""""""""""""""""""""""""""""""""""""""""""""""""""""""""""""""""""""""""""""""""""""""""""""""""""""""""""""""""""""""""""""""""""""""""""""""""""""""""""""""""""""""""""""""""""""""""""""""""""""""""""""""""""""""""""""""""""""""""""""""""""""""""""""""""""""""""""""""""""""""""""""""""""""""""""""""""""""""""""""""""""""""""""""""""""""""""""""""""""""""""""""""""""""""""""""""""""""""""""""""""""""""""""""""""""""""""""""""""""""""""""""""""""""""""""""""""""""""""""""""""""""""""""""""""""""""""""""""""""""""""""""""""""""""""""""""""""""""""""""""""""""""""""""""""""""""""""""""""""""""""""""""""""""""""""""""""""""""""""""""""""""""""""""""""""""""""""""""""""""""""""""""""""""""""""""""""""""""""""""""""""""""""""""""""""""""""""""""""""""""""""""""""""""""""""""""""""""""""""""""""""""""""""""""""""""""""""""""""""""""""""""""""""""""""""""""""""""""""""""""""""""""""""""""""""""""""""""""""""""""""""""""""""""""""""""""""""""""""""""""""""""""""""""""""""""""""""""""""""""""""""""""""""""""""""""""""""""""""""""""""""""""""""""""""""""""""""""""""""""""""""""""""""""""""""""""""""""""""""""""""""""""""""""""""""""""""""""""""""""""""""""""""""""""""""""""""""""""""""""""""""""""""""""""""""""""""""""""""""""""""""""""""""""""""""""""""""""""""""""""""""""""""""""""""""""""""""""""""""""""""""""""""""""""""""""""""""""""""""""""""""""""""""""""""""""""""""""""""""""""""""""""""""""""""""""""""""""""""""""""""""""""""""""""""""""""""""""""""""""""""""""""""""""""""""""""""""""""""""""""""""""""""""""""""""""""""""""""""""""""""""""""""""""""""""""""""""""""""""""""""""""""""""""""""""""""""""""""""""""""""""""""""""""""""""""""""""""""""""""""""""""""""""""""""""""""""""""""""""""""""""""""""""""""""""""""""""""""""""""""""""""""""""""""""""""""""""""""""""""""""""""""""""""""""""""""""""""""""""""""""""""""""""""""""""""""""""""""""""""""""""""""""""""""""""""""""""""""""""""""""""""""""""""""""""""""""""""""""""""""""""""""""""""""""""""""""""""""""""""""""""""""""""""""""""""""""""""""""""""""""""""""""""""""""""""""""""""""""""""""""""""""""""""""""""""""""""""""""""""""""""""""""""""""""""""""""""""""""""""""""""""""""""""""""""""""""""""""""""""""""""""""""""""""""""""""""""""""""""""""""""""""""""""""""""""""""""""""""""""""""""""""""""""""""""""""""""""""""""""""""""""""""""""""""""""""""""""""""""""""""""""""""""""""""""""""""""""""""""""""""""""""""""""""""""""""""""""""""""""""""""""""""""""""""""""""""""""""""""""""""""""""""""""""""""""""""""""""""""""""""""""""""""""""""""""""""""""""""""""""""""""""""""""""""""""""""""""""""""""""""""""""""""""""""""""""""""""""""""""""""""""""""""""""""""""""""""""""""""""""""""""""""""""""""""""""""""""""""""""""""""""""""""""""""""""""""""""""""""""""""""""""""""""""""""""""""""""""""""""""""""""""""""""""""""""""""""""""""""""""""""""""""""""""""""""""""""""""""""""""""""""""""""""""""""""""""""""""""""""""""""""""""""""""""""""""""""""""""""""""""""""""""""""""""""""""""""""""""""""""""""""""""""""""""""""""""""""""""""""""""""""""""""""""""""""""""""""""""""""""""""""""""""""""""""""""""""""""""""""""""""""""""""""""""""""""""""""""""""""""""""""""""""""""""""""""""""""""""""""""""""""""""""""""""""""""""""""""""""""""""""""""""""""""""""""""""""""""""""""""""""""""""""""""""""""""""""""""""""""""""""""""""""""""""""""""""""""""""""""""""""""""""""""""""""""""""""""""""""""""""""""""""""""""""""""""""""""""""""""""""""""""""""""""""""""""""""""""""""""""""""""""""""""""""""""""""""""""""""""""""""""""""""""""""""""""""""""""""""""""""""""""""""""""""""""""""""""""""""""""""""""""""""""""""""""""""""""""""""""""""""""""""""""""""""""""""""""""""""""""""""""""""""""""""""""""""""""""""""""""""""""""""""""""""""""""""""""""""""""""""""""""""""""""""""""""""""""""""""""""""""""""""""""""""""""""""""""""""""""""""""""""""""""""""""""""""""""""""""""""""""""""""""""""""""""""""""""""""""""""""""""""""""""""""""""""""""""""""""""""""""""""""""""""""""""""""""""""""""""""""""""""""""""""""""""""""""""""""""""""""""""""""""""""""""""""""""""""""""""""""""""""""""""""""""""""""""""""""""""""""""""""""""""""""""""""""""""""""""""""""""""""""""""""""""""""""""""""""""""""""""""""""""""""""""""""""""""""""""""""""""""""""""""""""""""""""""""""""""""""""""""""""""""""""""""""""""""""""""""""""""""""""""""""""""""""""""""""""""""""""""""""""""""""""""""""""""""""""""""""""""""""""""""""""""""""""""""""""""""""""""""""""""""""""""""""""""""""""""""""""""""""""""""""""""""""""""""""""""""""""""""""""""""""""""""""""""""""""""""""""""""""""""""""""""""""""""""""""""""""""""""""""""""""""""""""""""""""""""""""""""""""""""""""""""""""""""""""""""""""""""""""""""""""""""""""""""""""""""""""""""""""""""""""""""""""""""""""""""""""""""""""""""""""""""""""""""""""""""""""""""""""""""""""""""""""""""""""""""""""""""""""""""""""""""""""""""""""""""""""""""""""""""""""""""""""""""""""""""""""""""""""""""""""""""""""""""""""""""""""""""""""""""""""""""""""""""""""""""""""""""""""""""""""""""""""""""""""""""""""""""""""""""""""""""""""""""""""""""""""""""""""""""""""""""""""""""""""""""""""""""""""""""""""""""""""""""""""""""""""""""""""""""""""""""""""""""""""""""""""""""""""""""""""""""""""""""""""""""""""""""""""""""""""""""""""""""""""""""""""""""""""""""""""""""""""""""""""""""""""""""""""""""""""""""""""""""""""""""""""""""""""""""""""""""""""""""""""""""""""""""""""""""""""""""""""""""""""""""""""""""""""""""""""""""""""""""""""""""""""""""""""""""""""""""""""""""""""""""""""""""""""""""""""""""""""""""""""""""""""""""""""""""""""""""""""""""""""""""""""""""""""""""""""""""""""""""""""""""""""""""""""""""""""""""""""""""""""""""""""""""""""""""""""""""""""""""""""""""""""""""""""""""""""""""""""""""""""""""""""""""""""""""""""""""""""""""""""""""""""""""""""""""""""""""""""""""""""""""""""""""""""""""""""""""""""""""""""""""""""""""""""""""""""""""""""""""""""""""""""""""""""""""""""""""""""""""""""""""""""""""""""""""""""""""""""""""""""""""""""""""""""""""""""""""""""""""""""""""""""""""""""""""""""""""""""""""""""""""""""""""""""""""""""""""""""""""""""""""""""""""""""""""""""""""""""""""""""""""""""""""""""""""""""""""""""""""""""""""""""""""""""""""""""""""""""""""""""""""""""""""""""""""""""""""""""""""""""""""""""""""""""""""""""""""""""""""""""""""""""""""""""""""""""""""""""""""""""""""""""""""""""""""""""""""""""""""""""""""""""""""""""""""""""""""""""""""""""""""""""""""""""""""""""""""""""""""""""""""""""""""""""""""""""""""""""""""""""""""""""""""""""""""""""""""""""""""""""""""""""""""""""""""""""""""""""""""""""""""""""""""""""""""""""""""""""""""""""""""""""""""""""""""""""""""""""""""""""""""""""""""""""""""""""""""""""""""""""""""""""""""""""""""""""""""""""""""""""""""""""""""""""""""""""""""""""""""""""""""""""""""""""""""""""""""""""""""""""""""""""""""""""""""""""""""""""""""""""""""""""""""""""""""""""""""""""""""""""""""""""""""""""""""""""""""""""""""""""""""""""""""""""""""""""""""""""""""""""""""""""""""""""""""""""""""""""""""""""""""""""""""""""""""""""""""""""""""""""""""""""""""""""""""""""""""""""""""""""""""""""""""""""""""""""""""""""""""""""""""""""""""""""""""""""""""""""""""""""""""""""""""""""""""""""""""""""""""""""""""""""""""""""""""""""""""""""""""""""""""""""""""""""""""""""""""""""""""""""""""""""""""""""""""""""""""""""""""""""""""""""""""""""""""""""""""""""""""""""""""""""""""""""""""""""""""""""""""""""""""""""""""""""""""""""""""""""""""""""""""""""""""""""""""""""""""""""""""""""""""""""""""""""""""""""""""""""""""""""""""""""""""""""""""""""""""""""""""""""""""""""""""""""""""""""""""""""""""""""""""""""""""""""""""""""""""""""""""""""""""""""""""""""""""""""""""""""""""""""""""""""""""""""""""""""""""""""""""""""""""""""""""""""""""""""""""""""""""""""""""""""""""""""""""""""""""""""""""""""""""""""""""""""""""""""""""""""""""""""""""""""""""""""""""""""""""""""""""""""""""""""""""""""""""""""""""""""""""""""""""""""""""""""""""""""""""""""""""""""""""""""""""""""""""""""""""""""""""""""""""""""""""""""""""""""""""""""""""""""""""""""""""""""""""""""""""""""""""""""""""""""""""""""""""""""""""""""""""""""""""""""""""""""""""""""""""""""""""""""""""""""""""""""""""""""""""""""""""""""""""""""""""""""""""""""""""""""""""""""""""""""""""""""""""""""""""""""""""""""""""""""""""""""""""""""""""""""""""""""""""""""""""""""""""""""""""""""""""""""""""""""""""""""""""""""""""""""""""""""""""""""""""""""""""""""""""""""""""""""""""""""""""""""""""""""""""""""""""""""""""""""""""""""""""""""""""""""""""""""""""""""""""""""""""""""""""""""""""""""""""""""""""""""""""""""""""""""""""""""""""""""""""""""""""""""""""""""""""""""""""""""""""""""""""""""""""""""""""""""""""""""""""""""""""""""""""""""""""""""""""""""""""""""""""""""""""""""""""""""""""""""""""""""""""""""""""""""""""""""""""""""""""""""""""""""""""""""""""""""""""""""""""""""""""""""""""""""""""""""""""""""""""""""""""""""""""""""""""""""""""""""""""""""""""""""""""""""""""""""""""""""""""""""""""""""""""""""""""""""""""""""""""""""""""""""""""""""""""""""""""""""""""""""""""""""""""""""""""""""""""""""""""""""""""""""""""""""""""""""""""""""""""""""""""""""""""""""""""""""""""""""""""""""""""""""""""""""""""""""""""""""""""""""""""""""""""""""""""""""""""""""""""""""""""""""""""""""""""""""""""""""""""""""""""""""""""""""""""""""""""""""""""""""""""""""""""""""""""""""""""""""""""""""""""""""""""""""""""""""""""""""""""""""""""""""""""""""""""""""""""""""""""""""""""""""""""""""""""""""""""""""""""""""""""""""""""""""""""""""""""""""""""""""""""""""""""""""""""""""""""""""""""""""""""""""""""""""""""""""""""""""""""""""""""""""""""""""""""""""""""""""""""""""""""""""""""""""""""""""""""""""""""""""""""""""""""""""""""""""""""""""""""""""""""""""""""""""""""""""""""""""""""""""""""""""""""""""""""""""""""""""""""""""""""""""""""""""""""""""""""""""""""""""""""""""""""""""""""""""""""""""""""""""""""""""""""""""""""""""""""""""""""""""""""""""""""""""""""""""""""""""""""""""""""""""""""""""""""""""""""""""""""""""""""""""""""""""""""""""""""""""""""""""""""""""""""""""""""""""""""""""""""""""""""""""""""""""""""""""""""""""""""""""""""""""""""""""""""""""""""""""""""""""""""""""""""""""""""""""""""""""""""""""""""""""""""""""""""""""""""""""""""""""""""""""""""""""""""""""""""""""""""""""""""""""""""""""""""""""""""""""""""""""""""""""""""""""""""""""""""""""""""""""""""""""""""""""""""""""""""""""""""""""""""""""""""""""""""""""""""""""""""""""""""""""""""""""""""""""""""""""""""""""""""""""""""""""""""""""""""""""""""""""""""""""""""""""""""""""""""""""""""""""""""""""""""""""""""""""""""""""""""""""""""""""""""""""""""""""""""""""""""""""""""""""""""""""""""""""""""""""""""""""""""""""""""""""""""""""""""""""""""""""""""""""""""""""""""""""""""""""""""""""""""""""""""""""""""""""""""""""""""""""""""""""""""""""""""""""""""""""""""""""""""""""""""""""""""""""""""""""""""""""""""""""""""""""""""""""""""""""""""""""""""""""""""""""""""""""""""""""""""""""""""""""""""""""""""""""""""""""""""""""""""""""""""""""""""""""""""""""""""""""""""""""""""""""""""""""""""""""""""""""""""""""""""""""""""""""""""""""""""""""""""""""""""""""""""""""""""""""""""""""""""""""""""""""""""""""""""""""""""""""""""""""""""""""""""""""""""""""""""""""""""""""""""""""""""""""""""""""""""""""""""""""""""""""""""""""""""""""""""""""""""""""""""""""""""""""""""""""""""""""""""""""""""""""""""""""""""""""""""""""""""""""""""""""""""""""""""""""""""""""""""""""""""""""""""""""""""""""""""""""""""""""""""""""""""""""""""""""""""""""""""""""""""""""""""""""""""""""""""""""""""""""""""""""""""""""""""""""""""""""""""""""""""""""""""""""""""""""""""""""""""""""""""""""""""""""""""""""""""""""""""""""""""""""""""""""""""""""""""""""""""""""""""""""""""""""""""""""""""""""""""""""""""""""""""""""""""""""""""""""""""""""""""""""""""""""""""""""""""""""""""""""""""""""""""""""""""""""""""""""""""""""""""""""""""""""""""""""""""""""""""""""""""""""""""""""""""""""""""""""""""""""""""""""""""""""""""""""""""""""""""""""""""""""""""""""""""""""""""""""""""""""""""""""""""""""""""""""""""""""""""""""""""""""""""""""""""""""""""""""""""""""""""""""""""""""""""""""""""""""""""""""""""""""""""""""""""""""""""""""""""""""""""""""""""""""""""""""""""""""""""""""""""""""""""""""""""""""""""""""""""""""""""""""""""""""""""""""""""""""""""""""""""""""""""""""""""""""""""""""""""""""""""""""""""""""""""""""""""""""""""""""""""""""""""""""""""""""""""""""""""""""""""""""""""""""""""""""""""""""""""""""""""""""""""""""""""""""""""""""""""""""""""""""""""""""""""""""""""""""""""""""""""""""""""""""""""""""""""""""""""""""""""""""""""""""""""""""""""""""""""""""""""""""""""""""""""""""""""""""""""""""""""""""""""""""""""""""""""""""""""""""""""""""""""""""""""""""""""""""""""""""""""""""""""""""""""""""""""""""""""""""""""""""""""""""""""""""""""""""""""""""""""""""""""""""""""""""""""""""""""""""""""""""""""""""""""""""""""""""""""""""""""""""""""""""""""""""""""""""""""""""""""""""""""""""""""""""""""""""""""""""""""""""""""""""""""""""""""""""""""""""""""""""""""""""""""""""""""""""""""""""""""""""""""""""""""""""""""""""""""""""""""""""""""""""""""""""""""""""""""""""""""""""""""""""""""""""""""""""""""""""""""""""""""""""""""""""""""""""""""""""""""""""""""""""""""""""""""""""""""""""""""""""""""""""""""""""""""""""""""""""""""""""""""""""""""""""""""""""""""""""""""""""""""""""""""""""""""""""""""""""""""""""""""""""""""""""""""""""""""""""""""""""""""""""""""""""""""""""""""""""""""""""""""""""""""""""""""""""""""""""""""""""""""""""""""""""""""""""""""""""""""""""""""""""""""""""""""""""""""""""""""""""""""""""""""""""""""""""""""""""""""""""""""""""""""""""""""""""""""""""""""""""""""""""""""""""""""""""""""""""""""""""""""""""""""""""""""""""""""""""""""""""""""""""""""""""""""""""""""""""""""""""""""""""""""""""""""""""""""""""""""""""""""""""""""""""""""""""""""""""""""""""""""""""""""""""""""""""""""""""""""""""""""""""""""""""""""""""""""""""""""""""""""""""""""""""""""""""""""""""""""""""""""""""""""""""""""""""""""""""""""""""""""""""""""""""""""""""""""""""""""""""""""""""""""""""""""""""""""""""""""""""""""""""""""""""""""""""""""""""""""""""""""""""""""""""""""""""""""""""""""""""""""""""""""""""""""""""""""""""""""""""""""""""""""""""""""""""""""""""""""""""""""""""""""""""""""""""""""""""""""""""""""""""""""""""""""""""""""""""""""""""""""""""""""""""""""""""""""""""""""""""""""""""""""""""""""""""""""""""""""""""""""""""""""""""""""""""""""""""""""""""""""""""""""""""""""""""""""""""""""""""""""""""""""""""""""""""""""""""""""""""""""""""""""""""""""""""""""""""""""""""""""""""""""""""""""""""""""""""""""""""""""""""""""""""""""""""""""""""""""""""""""""""""""""""""""""""""""""""""""""""""""""""""""""""""""""""""""""""""""""""""""""""""""""""""""""""""""""""""""""""""""""""""""""""""""""""""""""""""""""""""""""""""""""""""""""""""""""""""""""""""""""""""""""""""""""""""""""""""""""""""""""""""""""""""""""""""""""""""""""""""""""""""""""""""""""""""""""""""""""""""""""""""""""""""""""""""""""""""""""""""""""""""""""""""""""""""""""""""""""""""""""""""""""""""""""""""""""""""""""""""""""""""""""""""""""""""""""""""""""""""""""""""""""""""""""""""""""""""""""""""""""""""""""""""""""""""""""""""""""""""""""""""""""""""""""""""""""""""""""""""""""""""""""""""""""""""""""""""""""""""""""""""""""""""""""""""""""""""""""""""""""""""""""""""""""",normal,constant
11,a,t4,hit,collision,response_run,4.7854,1.6314,,,4.5076,7.9978,0.4145,False,False,False,False,True,False,True,vha,True,True,both,both,"""had a feeling that missed a previous car"""""""""""""""""""""""""""""""""""""""""""""""""""""""""""""""""""""""""""""""""""""""""""""""""""""""""""""""""""""""""""""""""""""""""""""""""""""""""""""""""""""""""""""""""""""""""""""""""""""""""""""""""""""""""""""""""""""""""""""""""""""""""""""""""""""""""""""""""""""""""""""""""""""""""""""""""""""""""""""""""""""""""""""""""""""""""""""""""""""""""""""""""""""""""""""""""""""""""""""""""""""""""""""""""""""""""""""""""""""""""""""""""""""""""""""""""""""""""""""""""""""""""""""""""""""""""""""""""""""""""""""""""""""""""""""""""""""""""""""""""""""""""""""""""""""""""""""""""""""""""""""""""""""""""""""""""""""""""""""""""""""""""""""""""""""""""""""""""""""""""""""""""""""""""""""""""""""""""""""""""""""""""""""""""""""""""""""""""""""""""""""""""""""""""""""""""""""""""""""""""""""""""""""""""""""""""""""""""""""""""""""""""""""""""""""""""""""""""""""""""""""""""""""""""""""""""""""""""""""""""""""""""""""""""""""""""""""""""""""""""""""""""""""""""""""""""""""""""""""""""""""""""""""""""""""""""""""""""""""""""""""""""""""""""""""""""""""""""""""""""""""""""""""""""""""""""""""""""""""""""""""""""""""""""""""""""""""""""""""""""""""""""""""""""""""""""""""""""""""""""""""""""""""""""""""""""""""""""""""""""""""""""""""""""""""""""""""""""""""""""""""""""""""""""""""""""""""""""""""""""""""""""""""""""""""""""""""""""""""""""""""""""""""""""""""""""""""""""""""""""""""""""""""""""""""""""""""""""""""""""""""""""""""""""""""""""""""""""""""""""""""""""""""""""""""""""""""""""""""""""""""""""""""""""""""""""""""""""""""""""""""""""""""""""""""""""""""""""""""""""""""""""""""""""""""""""""""""""""""""""""""""""""""""""""""""""""""""""""""""""""""""""""""""""""""""""""""""""""""""""""""""""""""""""""""""""""""""""""""""""""""""""""""""""""""""""""""""""""""""""""""""""""""""""""""""""""""""""""""""""""""""""""""""""""""""""""""""""""""""""""""""""""""""""""""""""""""""""""""""""""""""""""""""""""""""""""""""""""""""""""""""""""""""""""""""""""""""""""""""""""""""""""""""""""""""""""""""""""""""""""""""""""""""""""""""""""""""""""""""""""""""""""""""""""""""""""""""""""""""""""""""""""""""""""""""""""""""""""""""""""""""""""""""""""""""""""""""""""""""""""""""""""""""""""""""""""""""""""""""""""""""""""""""""""""""""""""""""""""""""""""""""""""""""""""""""""""""""""""""""""""""""""""""""""""""""""""""""""""""""""""""""""""""""""""""""""""""""""""""""""""""""""""""""""""""""""""""""""""""""""""""""""""""""""""""""""""""""""""""""""""""""""""""""""""""""""""""""""""""""""""""""""""""""""""""""""""""""""""""""""""""""""""""""""""""""""""""""""""""""""""""""""""""""""""""""""""""""""""""""""""""""""""""""""""""""""""""""""""""""""""""""""""""""""""""""""""""""""""""""""""""""""""""""""""""""""""""""""""""""""""""""""""""""""""""""""""""""""""""""""""""""""""""""""""""""""""""""""""""""""""""""""""""""""""""""""""""""""""""""""""""""""""""""""""""""""""""""""""""""""""""""""""""""""""""""""""""""""""""""""""""""""""""""""""""""""""""""""""""""""""""""""""""""""""""""""""""""""""""""""""""""""""""""""""""""""""""""""""""""""""""""""""""""""""""""""""""""""""""""""""""""""""""""""""""""""""""""""""""""""""""""""""""""""""""""""""""""""""""""""""""""""""""""""""""""""""""""""""""""""""""""""""""""""""""""""""""""""""""""""""""""""""""""""""""""""""""""""""""""""""""""""""""""""""""""""""""""""""""""""""""""""""""""""""""""""""""""""""""""""""""""""""""""""""""""""""""""""""""""""""""""""""""""""""""""""""""""""""""""""""""""""""""""""""""""""""""""""""""""""""""""""""""""""""""""""""""""""""""""""""""""""""""""""""""""""""""""""""""""""""""""""""""""""""""""""""""""""""""""""""""""""""""""""""""""""""""""""""""""""""""""""""""""""""""""""""""""""""""""""""""""""""""""""""""""""""""""""""""""""""""""""""""""""""""""""""""""""""""""""""""""""""""""""""""""""""""""""""""""""""""""""""""""""""""""""""""""""""""""""""""""""""""""""""""""""""""""""""""""""""""""""""""""""""""""""""""""""""""""""""""""""""""""""""""""""""""""""""""""""""""""""""""""""""""""""""""""""""""""""""""""""""""""""""""""""""""""""""""""""""""""""""""""""""""""""""""""""""""""""""""""""""""""""""""""""""""""""""""""""""""""""""""""""""""""""""""""""""""""""""""""""""""""""""""""""""""""""""""""""""""""""""""""""""""""""""""""""""""""""""""""""""""""""""""""""""""""""""""""""""""""""""""""""""""""""""""""""""""""""""""""""""""""""""""""""""""""""""""""""""""""""""""""""""""""""""""""""""""""""""""""""""""""""""""""""""""""""""""""""""""""""""""""""""""""""""""""""""""""""""""""""""""""""""""""""""""""""""""""""""""""""""""""""""""""""""""""""""""""""""""""""""""""""""""""""""""""""""""""""""""""""""""""""""""""""""""""""""""""""""""""""""""""""""""""""""""""""""""""""""""""""""""""""""""""""""""""""""""""""""""""""""""""""""""""""""""""""""""""""""""""""""""""""""""""""""""""""""""""""""""""""""""""""""""""""""""""""""""""""""""""""""""""""""""""""""""""""""""""""""""""""""""""""""""""""""""""""""""""""""""""""""""""""""""""""""""""""""""""""""""""""""""""""""""""""""""""""""""""""""""""""""""""""""""""""""""""""""""""""""""""""""""""""""""""""""""""""""""""""""""""""""""""""""""""""""""""""""""""""""""""""""""""""""""""""""""""""""""""""""""""""""""""""""""""""""""""""""""""""""""""""""""""""""""""""""""""""""""""""""""""""""""""""""""""""""""""""""""""""""""""""""""""""""""""""""""""""""""""""""""""""""""""""""""""""""""""""""""""""""""""""""""""""""""""""""""""""""""""""""""""""""""""""""""""""""""""""""""""""""""""""""""""""""""""""""""""""""""""""""""""""""""""""""""""""""""""""""""""""""""""""""""""""""""""""""""""""""""""""""""""""""""""""""""""""""""""""""""""""""""""""""""""""""""""""""""""""""""""""""""""""""""""""""""""""""""""""""""""""""""""""""""""""""""""""""""""""""""""""""""""""""""""""""""""""""""""""""""""""""""""""""""""""""""""""""""""""""""""""""""""""""""""""""""""""""""""""""""""""""""""""""""""""""""""""""""""""""""""""""""""""""""""""""""""""""""""""""""""""""""""""""""""""""""""""""""""""""""""""""""""""""""""""""""""""""""""""""""""""""""""""""""""""""""""""""""""""""""""""""""""""""""""""""""""""""""""""""""""""""""""""""""""""""""""""""""""""""""""""""""""""""""""""""""""""""""""""""""""""""""""""""""""""""""""""""""""""""""""""""""""""""""""""""""""""""""""""""""""""""""""""""""""""""""""""""""""""""""""""""""""""""""""""""""""""""""""""""""""""""""""""""""""""""""""""""""""""""""""""""""""""""""""""""""""""""""""""""""""""""""""""""""""""""""""""""""""""""""""""""""""""""""""""""""""""""""""""""""""""""""""""""""""""""""""""""""""""""""""""""""""""""""""""""""""""""""""""""""""""""""""""""""""""""""""""""""""""""""""""""""""""""""""""""""""""""""""""""""""""""""""""""""""""""""""""""""""""""""""""""""""""""""""""""""""""""""""""""""""""""""""""""""""""""""""""""""""""""""""""""""""""""""""""""""""""""""""""""""""""""""""""""""""""""""""""""""""""""""""""""""""""""""""""""""""""""""""""""""""""""""""""""""""""""""""""""""""""""""""""""""""""""""""""""""""""""""""""""""""""""""""""""""""""""""""""""""""""""""""""""""""""""""""""""""""""""""""""""""""""""""""""""""""""""""""""""""""""""""""""""""""""""""""""""""""""""""""""""""""""""""""""""""""""""""""""""""""""""""""""""""""""""""""""""""""""""""""""""""""""""""""""""""""""""""""""""""""""""""""""""""""""""""""""""""""""""""""""""""""""""""""""""""""""""""""""""""""""""""""""""""""""""""""""""""""""""""""""""""""""""""""""""""""""""""""""""""""""""""""""""""""""""""""""""""""""""""""""""""""""""""""""""""""""""""""""""""""""""""""""""""""""""""""""""""""""""""""""""""""""""""""""""""""""""""""""""""""""""""""""""""""""""""""""""""""""""""""""""""""""""""""""""""""""""""""""""""""""""""""""""""""""""""""""""""""""""""""""""""""""""""""""""""""""""""""""""""""""""""""""""""""""""""""""""""""""""""""""""""""""""""""""""""""""""""""""""""""""""""""""""""""""""""""""""""""""""""""""""""""""""""""""""""""""""""""""""""""""""""""""""""""""""""""""""""""""""""""""""""""""""""""""""""""""""""""""""""""""""""""""""""""""""""""""""""""""""""""""""""""""""""""""""""""""""""""""""""""""""""""""""""""""""""""""""""""""""""""""""""""""""""""""""""""""""""""""""""""""""""""""""""""""""""""""""""""""""""""""""""""""""""""""""""""""""""""""""""""""""""""""""""""""""""""""""""""""""""""""""""""""""""""""""""""""""""""""""""""""""""""""""""""""""""""""""""""""""""""""""""""""""""""""""""""""""""""""""""""""""""""""""""""""""""""""""""""""""""""""""""""""""""""""""""""""""""""""""""""""""""""""""""""""""""""""""""""""""""""""""""""""""""""""""""""""""""""""""""""""""""""""""""""""""""""""""""""""""""""""""""""""""""""""""""""""""""""""""""""""""""""""""""""""""""""""""""""""""""""""""""""""""""""""""""""""""""""""""""""""""""""""""""""""""""""""""""""""""""""""""""""""""""""""""""""""""""""""""""""""""""""""""""""""""""""""""""""""""""""""""""""""""""""""""""""""""""""""""""""""""""""""""""""""""""""""""""""""""""""""""""""""""""""""""""""""""""""""""""""""""""""""""""""""""""""""""""""""""""""""""""""""""""""""""""""""""""""""""""""""""""""""""""""""""""""""""""""""""""""""""""""""""""""""""""""""""""""""""""""""""""""""""""""""""""""""""""""""""""""""""""""""""""""""""""""""""""""""""""""""""""""""""""""""""""""""""""""""""""""""""""""""""""""""""""""""""""""""""""""""""""""""""""""""""""""""""""""""""""""""""""""""""""""""""""""""""""""""""""""""""""""""""""""""""""""""""""""""""""""""""""""""""""""""""""""""""""""""""""""""""""""""""""""""""""""""""""""""""""""""""""""""""""""""""""""""""""""""""""""""""""""""""""""""""""""""""""""""""""""""""""""""""""""""""""""""""""""""""""""""""""""""""""""""""""""""""""""""""""""""""""""""""""""""""""""""""""""""""""""""""""""""""""""""""""""""""""""""""""""""""""""""""""""""""""""""""""""""""""""""""""""""""""""""""""""""""""""""""""""""""""""""""""""""""""""""""""""""""""""""""""""""""""""""""""""""""""""""""""""""""""""""""""""""""""""""""""""""""""""""""""""""""""""""""""""""""""""""""""""""""""""""""""""""""""""""""""""""""""""""""""""""""""""""""""""""""""""""""""""""""""""""""""""""""""""""""""""""""""""""""""""""""""""""""""""""""""""""""""""""""""""""""""""""""""""""""""""""""""""""""""""""""""""""""""""""""""""""""""""""""""""""""""""""""""""""""""""""""""""""""""""""""""""""""""""""""""""""""""""""""""""""""""""""""""""""""""""""""""""""""""""""""""""""""""""""""""""""""""""""""""""""""""""""""""""""""""""""""""""""""""""""""""""""""""""""""""""""""""""""""""""""""""""""""""""""""""""""""""""""""""""""""""""""""""""""""""""""""""""""""""""""""""""""""""""""""""""""""""""""""""""""""""""""""""""""""""""""""""""""""""""""""""""""""""""""""""""""""""""""""""""""""""""""""""""""""""""""""""""""""""""""""""""""""""""""""""""""""""""""""""""""""""""""""""""""""""""""""""""""""""""""""""""""""""""""""""""""""""""""""""""""""""""""""""""""""""""""""""""""""""""""""""""""""""""""""""""""""""""""""""""""""""""""""""""""""""""""""""""""""""""""""""""""""""""""""""""""""""""""""""""""""""""""""""""""""""""""""""""""""""""""""""""""""""""""""""""""""""""""""""""""""""""""""""""""""""""""""""""""""""""""""""""""""""""""""""""""""""""""""""""""""""""""""""""""""""""""""""""""""""""""""""""""""""""""""""""""""""""""""""""""""""""""""""""""""""""""""""""""""""""""""""""""""""""""""""""""""""""""""""""""""""""""""""""""""""""""""""""""""""""""""""""""""""""""""""""""""""""""""""""""""""""""""""""""""""""""""""""""""""""""""""""""""""""""""""""""""""""""""""""""""""""""""""""""""""""""""""""""""""""""""""""""""""""""""""""""""""""""""""""""""""""""""""""""""""""""""""""""""""""""""""""""""""""""""""""""""""""""""""""""""""""""""""""""""""""""""""""""""""""""""""""""""""""""""""""""""""""""""""""""""""""""""""""""""""""""""""""""""""""""""""""""""""""""""""""""""""""""""""""""""""""""""""""""""""""""""""""""""""""""""""""""""""""""""""""""""""""""""""""""""""""""""""""""""""""""""""""""""""""""""""""""""""""""""""""""""""""""""""""""""""""""""""""""""""""""""""""""""""""""""""""""""""""""""""""""""""""""""""""""""""""""""""""""""""""""""""""""""""""""""""""""""""""""""""""""""""""""""""""""""""""""""""""""""""""""""""""""""""""""""""""""""""""""""""""""""""""""""""""""""""""""""""""""""""""""""""""""""""""""""""""""""""""""""""""""""""""""""""""""""""""""""""""""""""""""""""""""""""""""""""""""""""""""""""""""""""""""""""""""""""""""""""""""""""""""""""""""""""""""""""""""""""""""""""""""""""""""""""""""""""""""""""""""""""""""""""""""""""""""""""""""""""""""""""""""""""""""""""""""""""""""""""""""""""""""""""""""""""""""""""""""""""""""""""""""""""""""""""""""""""""""""""""""""""""""""""""""""""""""""""""""""""""""""""""""""""""""""""""""""""""""""""""""""""""""""""""""""""""""""""""""""""""""""""""""""""""""""""""""""""""""""""""""""""""""""""""""""""""""""""""""""""""""""""""""""""""""""""""""""""""""""""""""""""""""""""""""""""""""""""""""""""""""""""""""""""""""""""""""""""""""""""""""""""""""""""""""""""""""""""""""""""""""""""""""""""""""""""""""""""""""""""""""""""""""""""""""""""""""""""""""""""""""""""""""""""""""""""""""""""""""""""""""""""""""""""""""""""""""""""""""""""""""""""""""""""""""""""""""""""""""""""""""""""""""""""""""""""""""""""""""""""""""""""""""""""""""""""""""""""""""""""""""""""""""""""""""""""""""""""""""""""""""""""""""""""""""""""""""""""""""""""""""""""""""""""""""""""""""""""""""""""""""""""""""""""""""""""""""""""""""""""""""""""""""""""""""""""""""""""""""""""""""""""""""""""""""""""""""""""""""""""""""""""""""""""""""""""""""""""""""""""""""""""""""""""""""""""""""""""""""""""""""""""""""""""""""""""""""""""""""""""""""""""""""""""""""""""""""""""""""""""""""""""""""""""""""""""""""""""""""""""""""""""""""""""""""""""""""""""""""""""""""""""""""""""""""""""""""""""""""""""""""""""""""""""""""""""""""""""""""""""""""""""""""""""""""""""""""""""""""""""""""""""""""""""""""""""""""""""""""""""""""""""""""""""""""""""""""""""""""""""""""""""""""""""""""""""""""""""""""""""""""""""""""""""""""""""""""""""""""""""""""""""""""""""""""""""""""""""""""""""""""""""""""""""""""""""""""""""""""""""""""""""""""""""""""""""""""""""""""""""""""""""""""""""""""""""""""""""""""""""""""""""""""""""""""""""""""""""""""""""""""""""""""""""""""""""""""""""""""""""""""""""""""""""""""""""""""""""""""""""""""""""""""""""""""""""""""""""""""""""""""""""""""""""""""""""""""""""""""""""""""""""""""""""""""""""""""""""""""""""""""""""""""""""""""""""""""""""""""""""""""""""""""""""""""""""""""""""""""""""""""""""""""""""""""""""""""""""""""""""""""""""""""""""""""""""""""""""""""""""""""""""""""""""""""""""""""""""""""""""""""""""""""""""""""""""""""""""""""""""""""""""""""""""""""""""""""""""""""""""""""""""""""""""""""""""""""""""""""""""""""""""""""""""""""""""""""""""""""""""""""""""""""""""""""""""""""""""""""""""""""""""""""""""""""""""""""""""""""""""""""""""""""""""""""""""""""""""""""""""""""""""""""""""""""""""""""""""""""""""""""""""""""""""""""""""""""""""""""""""""""""""""""""""""""""""""""""""""""""""""""""""""""""""""""""""""""""""""""""""""""""""""""""""""""""""""""""""""""""""""""""""""""""""""""""""""""""""""""""""""""""""""""""""""""""""""""""""""""""""""""""""""""""""""""""""""""""""""""""""""""""""""""""""""""""""""""""""""""""""""""""""""""""""""""""""""""""""""""""""""""""""""""""""""""""""""""""""""""""""""""""""""""""""""""""""""""""""""""""""""""""""""""""""""""""""""""""""""""""""""""""""""""""""""""""""""""""""""""""""""""""""""""""""""""""""""""""""""""""""""""""""""""""""""""""""""""""""""""""""""""""""""""""""""""""""""""""""""""""""""""""""""""""""""""""""""""""""""""""""""""""""""""""""""""""""""""""""""""""""""""""""""""""""""""""""""""""""""""""""""""""""""""""""""""""""""""""""""""""""""""""""""""""""""""""""""""""""""""""""""""""""""""""""""""""""""""""""""""""""""""""""""""""""""""""""""""""""""""""""""""""""""""""""""""""""""""""""""""""""""""""""""""""""""""""""""""""""""""""""""""""""""""""""""""""""""""""""""""""""""""""""""""""""""""""""""""""""""""""""""""""""""""""""""""""""""""""""""""""""""""""""""""""""""""""""""""""""""""""""""""""""""""""""""""""""""""""""""""""""""""""""""""""""""""""""""""""""""""""""""""""""""""""""""""""""""""""""""""""""""""""""""""""""""""""""""""""""""""""""""""""""""""""""""""""""""""""""""""""""""""""""""""""""""""""""""""""""""""""""""""""""""""""""""""""""""""""""""""""""""""""""""""""""""""""""""""""""""""""""""""""""""""""""""""""""""""""""""""""""""""""""""""""""""""""""""""""""""""""""""""""""""""""""""""""""""""""""""""""""""""""""""""""""""""""""""""""""""""""""""""""""""""""""""""""""""""""""""""""""""""""""""""""""""""""""""""""""""""""""""""""""""""""""""""""""""""""""""""""""""""""""""""""""""""""""""""""""""""""""""""""""""""""""""""""""""""""""""""""""""""""""""""""""""""""""""""""""""""""""""""""""""""""""""""""""""""""""""""""""""""""""""""""""""""""""""""""""""""""""""""""""""""""""""""""""""""""""""""""""""""""""""""""""""""""""""""""""""""""""""""""""""""""""""""""""""""""""""""""""""""""""""""""""""""""""""""""""""""""""""""""""""""""""""""""""""""""""""""""""""""""""""""""""""""""""""""""""""""""""""""""""""""""""""""""""""""""""""""""""""""""""""""""""""""""""""""""""""""""""""""""""""""""""""""""""""""""""""""""""""""""""""""""""""""""""""""""""""""""""""""""""""""""""""""""""""""""""""""""""""""""""""""""""""""""""""""""""""""""""""""""""""""""""""""""""""""""""""""""""""""""""""""""""""""""""""""""""""""""""""""""""""""""""""""""""""""""""""""""""""""""""""""""""""""""""""""""""""""""""""""""""""""""""""""""""""""""""""""""""""""""""""""""""""""""""""""""""""""""""""""""""""""""""""""""""""""""""""""""""""""""""""""""""""""""""""""""""""""""""""""""""""""""""""""""""""""""""""""""""""""""""""""""""""""""""""""""""""""""""""""""""""""""""""""""""""""""""""""""""""""""""""""""""""""""""""""""""""""""""""""""""""""""""""""""""""""""""""""""""""""""""""""""""""""""""""""""""""""""""""""""""""""""""""""""""""""""""""""""""""""""""""""""""""""""""""""""""""""""""""""""""""""""""""""""""""""""""""""""""""""""""""""""""""""""""""""""""""""""""""""""""""""""""""""""""""""""""""""""""""""""""""""""""""""""""""""""""""""""""""""""""""""""""""""""""""""""""""""""""""""""""""""""""""""""""""""""""""""""""""""""""""""""""""""""""""""""""""""""""""""""""""""""""""""""""""""""""""""""""""""""""""""""""""""""""""""""""""""""""""""""""""""""""""""""""""""""""""""""""""""""""""""""""""""""""""""""""""""""""""""""""""""""""""""""""""""""""""""""""""""""""""""""""""""""""""""""""""""""""""""""""""""""""""""""""""""""""""""""""""""""""""""""""""""""""""""""""""""""""""""""""""""""""""""""""""""""""""""""""""""""""""""""""""""""""""""""""""""""""""""""""""""""""""""""""""""""""""""""""""""""""""""""""""""""""""""""""""""""""""""""""""""""""""""""""""""""""""""""""""""""""""""""""""""""""""""""""""""""""""""""""""""""""""""""""""""""""""""""""""""""""""""""""""""""""""""""""""""""""""""""""""""""""""""""""""""""""""""""""""""""""""""""""""""""""""""""""""""""""""""""""""""""""""""""""""""""""""""""""""""""""""""""""""""""""""""""""""""""""""""""""""""""""""""""""""""""""""""""""""""""""""""""""""""""""""""""""""""""""""""""""""""""""""""""""""""""""""""""""""""""""""""""""""""""""""""""""""""""""""""""""""""""""""""""""""""""""""""""""""""""""""""""""""""""""""""""""""""""""""""""""""""""""""""""""""""""""""""""""""""""""""""""""""""""""""""""""""""""""""""""""""""""""""""""""""""""""""""""""""""""""""""""""""""""""""""""""""""""""""""""""""""""""""""""""""""""""""""""""""""""""""""""""""""""""""""""""""""""""""""""""""""""""""""""""""""""""""""""""""""""""""""""""""""""""""""""""""""""""""""""""""""""""""""""""""""""""""""""""""""""""""""""""""""""""""""""""""""""""""""""""""""""""""""""""""""""""""""""""""""""""""""""""""""""""""""""""""""""""""""""""""""""""""""""""""""""""""""""""""""""""""""""""""""""""""""""""""""""""""""""""""""""""""""""""""""""""""""""""""""""""""""""""""""""""""""""""""""""""""""""""""""""""""""""""""""""""""""""""""""""""""""""""""""""""""""""""""""""""""""""""""""""""""""""""""""""""""""""""""""""""""""""""""""""""""""""""""""""""""""""""""""""""""""""""""""""""""""""""""""""""""""""""""""""""""""""""""""""""""""""""""""""""""""""""""""""""""""""""""""""""""""""""""""""""""""""""""""""""""""""""""""""""""""""""""""""""""""""""""""""""""""""""""""""""""""""""""""""""""""""""""""""""""""""""""""""""""""""""""""""""""""""""""""""""""""""""""""""""""""""""""""""""""""""""""""""""""""""""""""""""""""""""""""""""""""""""""""""""""""""""""""""""""""""""""""""""""""""""""""""""""""""""""""""""""""""""""""""""""""""""""""""""""""""""""""""""""""""""""""""""""""""""""""""""""""""""""""""""""""""""""""""""""""""""""""""""""""""""""""""""""""""""""""""""""""""""""""""""""""""""""""""""""""""""""""""""""""""""""""""""""""""""""""""""""""""""""""""""""""""""""""""""""""""""""""""""""""""""""""""""""""""""""""""""""""""""""""""""""""""""""""""""""""""""""""""""""""""""""""""""""""""""""""""""""""""""""""""""""""""""""""""""""""""""""""""""""""""""""""""""""""""""""""""""""""""""""""""""""""""""""""""""""""""""""""""""""""""""""""""""""""""""""""""""""""""""""""""""""""""""""""""""""""""""""""""""""""""""""""""""""""""""""""""""""""""""""""""""""""""""""""""""""""""""""""""""""""""""""""""""""""""""""""""""""""""""""""""""""""""""""""""""""""""""""""""""""""""""""""""""""""""""""""""""""""""""""""""""""""""""""""""""""""""""""""""""""""""""""""""""""""""""""""""""""""""""""""""""""""""""""""""""""""""""""""""""""""""""""""""""""""""""""""""""""""""""""""""""""""""""""""""""""""""""""""""""""""""""""""""""""""""""""""""""""""""""""""""""""""""""""""""""""""""""""""""""""""""""""""""""""""""""""""""""""""""""""""""""""""""""""""""""""""""""""""""""""""""""""""""""""""""""""""""""""""""""""""""""""""""""""""""""""""""""""""""""""""""""""""""""""""""""""""""""""""""""""""""""""""""""""""""""""""""""""""""""""""""""""""""""""""""""""""""""""""""""""""""""""""""""""""""""""""""""""""""""""""""""""""""""""""""""""""""""""""""""""""""""""""""""""""""""""""""""""""""""""""""""""""""""""""""""""""""""""""""""""""""""""""""""""""""""""""""""""""""""""""""""""""""""""""""""""""""""""""""""""""""""""""""""""""""""""""""""""""""""""""""""""""""""""""""""""""""""""""""""""""""""""""""""""""""""""""""""""""""""""""""""""""""""""""""""""""""""""""""""""""""""""""""""""""""""""""""""""""""""""""""""""""""""""""""""""""""""""""""""""""""""""""""""""""""""""""""""""""""""""""""""""""""""""""""""""""""""""""""""""""""""""""""""""""""""""""""""""""""""""""""""""""""""""""""""""""""""""""""""""""""""""""""""""""""""""""""""""""""""""""""""""""""""""""""""""""""""""""""""""""""""""""""""""""""""""""""""""""""""""""""""""""""""""""""""""""""""""""""""""""""""""""""""""""""""""""""""""""""""""""""""""""""""""""""""""""""""""""""""""""""""""""""""""""""""""""""""""""""""""""""""""""""""""""""""""""""""""""""""""""""""""""""""""""""""""""""""""""""""""""""""""""""""""""""""""""""""""""""""""""""""""""""""""""""""""""""""""""""""""""""""""""""""""""""""""""""""""""""""""""""""""""""""""""""""""""""""""""""""""""""""""""""""""""""""""""""""""""""""""""""""""""""""""""""""""""""""""""""""""""""""""""""""""""""""""""""""""""""""""""""""""""""""""""""""""""""""""""""""""""""""""""""""""""""""""""""""""""""""""""""""""""""""""""""""""""""""""""""""""""""""""""""""""""""""""""""""""""""""""""""""""""""""""""""""""""""""""""""""""""""""""""""""""""""""""""""""""""""""""""""""""""""""""""""""""""""""""""""""""""""""""""""""""""""""""""""""""""""""""""""""""""""""""""""""""""""""""""""""""""""""""""""""""""""""""""""""""""""""""""""""""""""""""""""""""""""""""""""""""""""""""""""""""""""""""""""""""""""""""""""""""""""""""""""""""""""""""""""""""""""""""""""""""""""""""""""""""""""""""""""""""""""""""""""""""""""""""""""""""""""""""""""""""""""""""""""""""""""""""""""""""""""""""""""""""""""""""""""""""""""""""""""""""""""""""""""""""""""""""""""""""""""""""""""""""""""""""""""""""""""""""""""""""""""""""""""""""""""""""""""""""""""""""""""""""""""""""""""""""""""""""""""""""""""""""""""""""""""""""""""""""""""""""""""""""""""""""""""""""""""""""""""""""""""""""""""""""""""""""""""""""""""""""""""""""""""""""""""""""""""""""""""""""""""""""""""""""""""""""""""""""""""""""""""""""""""""""""""""""""""""""""""""""""""""""""""""""""""""""""""""""""""""""""""""""""""""""""""""""""""""""""""""""""""""""""""""""""""""""""""""""""""""""""""""""""""""""""""""""""""""""""""""""""""""""""""""""""""""""""""""""""""""""""""""""""""""""""""""""""""""""""""""""""""""""""""""""""""""""""""""""""""""""""""""""""""""""""""""""""""""""""""""""""""""""""""""""""""""""""""""""""""""""""""""""""""""""""""""""""""""""""""""""""""""""""""""""""""""""""""""""""""""""""""""""""""""""""""""""""""""""""""""""""""""""""""""""""""""""""""""""""""""""""""""""""""""""""""""""""""""""""""""""""""""""""""""""""""""""""""""""""""""""""""""""""""""""""""""""""""""""""""""""""""""""""""""""""""""""""""""""""""""""""""""""""""""""""""""""""""""""""""""""""""""""""""""""""""""""""""""""""""""""""""""""""""""""""""""""""""""""""""""""""""""""""""""""""""""""""""""""""""""""""""""""""""""""""""""""""""""""""""""""""""""""""""""""""""""""""""""""""""""""""""""""""""""""""""""""""""""""""""""""""""""""""""""""""""""""""""""""""""""""""""""""""""""""""""""""""""""""""""""""""""""""""""""""""""""""""""""""""""""""""""""""""""""""""""""""""""""""""""""""""""""""""""""""""""""""""""""""""""""""""""""""""""""""""""""""""""""""""""""""""""""""""""""""""""""""""""""""""""""""""""""""""""""""""""""""""""""""""""""""""""""""""""""""""""""""""""""""""""""""""""""""""""""""""""""""""""""""""""""""""""""""""""""""""""""""""""""""""""""""""""""""""""""""""""""""""""""""""""""""""""""""""""""""""""""""""""""""""""""""""""""""""""""""""""""""""""""""""""""""""""""""""""""""""""""""""""""""""""""""""""""""""""""""""""""""""""""""""""""""""""""""""""""""""""""""""""""""""""""""""""""""""""""""""""""""""""""""""""""""""""""""""""""""""""""""""""""""""""""""""""""""""""""""""""""""""""""""""""""""""""""""""""""""""""""""""""""""""""""""""""""""""""""""""""""""""""""""""""""""""""""""""""""""""""""""""""""""""""""""""""""""""""""""""""""""""""""""""""""""""""""""""""""""""""""""""""""""""""""""""""""""""""""""""""""""""""""""""""""""""""""""""""""""""""""""""""""""""""""""""""""""""""""""""""""""""""""""""""""""""""""""""""""""""""""""""""""""""""""""""""""""""""""""""""""""""""""""""""""""""""""""""""""""""""""""""""""""""""""""""""""""""""""""""""""""""""""""""""""""""""""""""""""""""""""""""""""""""""""""""""""""""""""""""""""""""""""""""""""""""""""""""""""""""""""""""""""""""""""""""""""""""""""""""""""""""""""""""""""""""""""""""""""""""""""""""""""""""""""""""""""""""""""""""""""""""""""""""""""""""""""""""""""""""""""""""""""""""""""""""""""""""""""""""""""""""""""""""""""""""""""""""""""""""""""""""""""""""""""""""""""""""""""""""""""""""""""""""""""""""""""""""""""""""""""""""""""""""""""""""""""""""""""""""""""""""""""""""""""""""""""""""""""""""""""""""""""""""""""""""""""""""""""""""""""""""""""""""""""""""""""""""""""""""""""""""""""""""""""""""""""""""""""""""""""""""""""""""""""""""""""""""""""""""""""""""""""""""""""""""""""""""""""""""""""""""""""""""""""""""""""""""""""""""""""""""""""""""""""""""""""""""""""""""""""""""""""""""""""""""""""""""""""""""""""""""""""""""""""""""""""""""""""""""""""""""""""""""""""""""""""""""""""""""""""""""""""""""""""""""""""""""""""""""""""""""""""""""""""""""""""""""""""""""""""""""""""""""""""""""""""""""""""""""""""""""""""""""""""""""""""""""""""""""""""""""""""""""""""""""""""""""""""""""""""""""""""""""""""""""""""""""""""""""""""""""""""""""""""""""""""""""""""""""""""""""""""""""""""""""""""""""""""""""""""""""""""""""""""""""""""""""""""""""""""""""""""""""""""""""""""""""""""""""""""""""""""""""""""""""""""""""""""""""""""""""""""""""""""""""""""""""""""""""""""""""""""""""""""""""""""""""""""""""""""""""""""""""""""""""""""""""""""""""""""""""""""""""""""""""""""""""""""""""""""""""""""""""""""""""""""""""""""""""""""""""""""""""""""""""""""""""""""""""""""""""""""""""""""""""""""""""""""""""""""""""""""""""""""""""""""""""""""""""""""""""""""""""""""""""""""""""""""""""""""""""""""""""""""""""""""""""""""""""""""""""""""""""""""""""""""""""""""""""""""""""""""""""""""""""""""""""""""""""""""""""""""""""""""""""""""""""""""""""""""""""""""""""""""""""""""""""""""""""""""""""""""""""""""""""""""""""""""""""""""""""""""""""""""""""""""""""""""""""""""""""""""""""""""""""""""""""""""""""""""""""""""""""""""""""""""""""""""""""""""""""""""""""""""""""""""""""""""""""""""""""""""""""""""""""""""""""""""""""""""""""""""""""""""""""""""""""""""""""""""""""""""""""""""""""""""""""""""""""""""""""""""""""""""""""""""""""""""""""""""""""""""""""""""""""""""""""""""""""""""""""""""""""""""""""""""""""""""""""""""""""""""""""""""""""""""""""""""""""""""""""""""""""""""""""""""""""""""""""""""""""""""""""""""""""""""""""""""""""""""""""""""""""""""""""""""""""""""""""""""""""""""""""""""""""""""""""""""""""""""""""""""""""""""""""""""""""""""""""""""""""""""""""""""""""""""""""""""""""""""""""""""""""""""""""""""""""""""""""""""""""""""""""""""""""""""""""""""""""""""""""""""""""""""""""""""""""""""""""""""""""""""""""""""""""""""""""""""""""""""""""""""""""""""""""""""""""""""""""""""""""""""""""""""""""""""""""""""""""""""""""""""""""""""""""""""""""""""""""""""""""""""""""""""""""""""""""""""""""""""""""""""""""""""""""""""""""""""""""""""""""""""""""""""""""""""""""""""""""""""""""""""""""""""""""""""""""""""""""""""""""""""""""""""""""""""""""""""""""""""""""""""""""""""""""""""""""""""""""""""""""""""""""""""""""""""""""""""""""""""""""""""""""""""""""""""""""""""""""""""""""""""""""""""""""""""""""""""""""""""""""""""""""""""""""""""""""""""""""""""""""""""""""""""""""""""""""""""""""""""""""""""""""""""""""""""""""""""""""""""""""""""""""""""""""""""""""""""""""""""""""""""""""""""""""""""""""""""""""""""""""""""""""""""""""""""""""""""""""""""""""""""""""""""""""""""""""""""""""""""""""""""""""""""""""""""""""""""""""""""""""""""""""""""""""""""""""""""""""""""""""""""""""""""""""""""""""""""""""""""""""""""""""""""""""""""""""""""""""""""""""""""""""""""""""""""""""""""""""""""""""""""""""""""""""""""""""""""""""""""""""""""""""""""""""""""""""""""""""""""""""""""""""""""""""""""""""""""""""""""""""""""""""""""""""""""""""""""""""""""""""""""""""""""""""""""""""""""""""""""""""""""""""""""""""""""""""""""""""""""""""""""""""""""""""""""""""""""""""""""""""""""""""""""""""""""""""""""""""""""""""""""""""""""""""""""""""""""""""""""""""""""""""""""""""""""""""""""""""""""""""""""""""""""""""""""""""""""""""""""""""""""""""""""""""""""""""""""""""""""""""""""""""""""""""""""""""""""""""""""""""""""""""""""""""""""""""""""""""""""""""""""""""""""""""""""""""""""""""""""""""""""""""""""""""""""""""""""""""""""""""""""""""""""""""""""""""""""""""""""""""""""""""""""""""""""""""""""""""""""""""""""""""""""""""""""""""""""""""""""""""""""""""""""""""""""""""""""""""""""""""""""""""""""""""""""""""""""""""""""""""""""""""""""""""""""""""""""""""""""""""""""""""""""""""""""""""""""""""""""""""""""""""""""""""""""""""""""""""""""""""""""""""""""""""""""""""""""""""""""""""""""""""""""""""""""""""""""""""""""""""""""""""""""""""""""""""""""""""""""""""""""""""""""""""""""""""""""""""""""""""""""""""""""""""""""""""""""""""""""""""""""""""""""""""""""""""""""""""""""""""""""""""""""""""""""""""""""""""""""""""""""""""""""""""""""""""""""""""""""""""""""""""""""""""""""""""""""""""""""""""""""""""""""""""""""""""""""""""""""""""""""""""""""""""""""""""""""""""""""""""""""""""""""""""""""""""""""""""""""""""""""""""""""""""""""""""""""""""""""""""""""""""""""""""""""""""""""""""""""""""""""""""""""""""""""""""""""""""""""""""""""""""""""""""""""""""""""""""""""""""""""""""""""""""""""""""""""""""""""""""""""""""""""""""""""""""""""""""""""""""""""""""""""""""""""""""""""""""""""""""""""""""""""""""""""""""""""""""""""""""""""""""""""""""""""""""""""""""""""""""""""""""""""""""""""""""""""""""""""""""""""""""""""""""""""""""""""""""""""""""""""""""""""""""""""""""""""""""""""""""""""""""""""""""""""""""""""""""""""""""""""""""""""""""""""""""""""""""""""""""""""""""""""""""""""""""""""""""""""""""""""""""""""""""""""""""""""""""""""""""""""""""""""""""""""""""""""""""""""""""""""""""""""""""""""""""""""""""""""""""""""""""""""""""""""""""""""""""""""""""""""""""""""""""""""""""""""""""""""""""""""""""""""""""""""""""""""""""""""""""""""""""""""""""""""""""""""""""""""""""""""""""""""""""""""""""""""""""""""""""""""""""""""""""""""""""""""""""""""""""""""""""""""""""""""""""""""""""""""""""""""""""""""""""""""""""""""""""""""" (ambient)""""""""""""""""""""""""""""""""""""""""""""""""""""""""""""""""""""""""""""""""""""""""""""""""""""""""""""""""""""""""""""""""""""""""""""""""""""""""""""""""""""""""""""""""""""""""""""""""""""""""""""""""""""""""""""""""""""""""""""""""""""""""""""""""""""""""""""""""""""""""""""""""""""""""""""""""""""""""""""""""""""""""""""""""""""""""""""""""""""""""""""""""""""""""""""""""""""""""""""""""""""""""""""""""""""""""""""""""""""""""""""""""""""""""""""""""""""""""""""""""""""""""""""""""""""""""""""""""""""""""""""""""""""""""""""""""""""""""""""""""""""""""""""""""""""""""""""""""""""""""""""""""""""""""""""""""""""""""""""""""""""""""""""""""""""""""""""""""""""""""""""""""""""""""""""""""""""""""""""""""""""""""""""""""""""""""""""""""""""""""""""""""""""""""""""""""""""""""""""""""""""""""""""""""""""""""""""""""""""""""""""""""""""""""""""""""""""""""""""""""""""""""""""""""""""""""""""""""""""""""""""""""""""""""""""""""""""""""""""""""""""""""""""""""""""""""""""""""""""""""""""""""""""""""""""""""""""""""""""""""""""""""""""""""""""""""""""""""""""""""""""""""""""""""""""""""""""""""""""""""""""""""""""""""""""""""""""""""""""""""""""""""""""""""""""""""""""""""""""""""""""""""""""""""""""""""""""""""""""""""""""""""""""""""""""""""""""""""""""""""""""""""""""""""""""""""""""""""""""""""""""""""""""""""""""""""""""""""""""""""""""""""""""""""""""""""""""""""""""""""""""""""""""""""""""""""""""""""""""""""""""""""""""""""""""""""""""""""""""""""""""""""""""""""""""""""""""""""""""""""""""""""""""""""""""""""""""""""""""""""""""""""""""""""""""""""""""""""""""""""""""""""""""""""""""""""""""""""""""""""""""""""""""""""""""""""""""""""""""""""""""""""""""""""""""""""""""""""""""""""""""""""""""""""""""""""""""""""""""""""""""""""""""""""""""""""""""""""""""""""""""""""""""""""""""""""""""""""""""""""""""""""""""""""""""""""""""""""""""""""""""""""""""""""""""""""""""""""""""""""""""""""""""""""""""""""""""""""""""""""""""""""""""""""""""""""""""""""""""""""""""""""""""""""""""""""""""""""""""""""""""""""""""""""""""""""""""""""""""""""""""""""""""""""""""""""""""""""""""""""""""""""""""""""""""""""""""""""""""""""""""""""""""""""""""""""""""""""""""""""""""""""""""""""""""""""""""""""""""""""""""""""""""""""""""""""""""""""""""""""""""""""""""""""""""""""""""""""""""""""""""""""""""""""""""""""""""""""""""""""""""""""""""""""""""""""""""""""""""""""""""""""""""""""""""""""""""""""""""""""""""""""""""""""""""""""""""""""""""""""""""""""""""""""""""""""""""""""""""""""""""""""""""""""""""""""""""""""""""""""""""""""""""""""""""""""""""""""""""""""""""""""""""""""""""""""""""""""""""""""""""""""""""""""""""""""""""""""""""""""""""""""""""""""""""""""""""""""""""""""""""""""""""""""""""""""""""""""""""""""""""""""""""""""""""""""""""""""""""""""""""""""""""""""""""""""""""""""""""""""""""""""""""""""""""""""""""""""""""""""""""""""""""""""""""""""""""""""""""""""""""""""""""""""""""""""""""""""""""""""""""""""""""""""""""""""""""""""""""""""""""""""""""""""""""""""""""""""""""""""""""""""""""""""""""""""""""""""""""""""""""""""""""""""""""""""""""""""""""""""""""""""""""""""""""""""""""""""""""""""""""""""""""""""""""""""""""""""""""""""""""""""""""""""""""""""""""""""""""""""""""""""""""""""""""""""""""""""""""""""""""""""""""""""""""""""""""""""""""""""""""""""""""""""""""""""""""""""""""""""""""""""""""""""""""""""""""""""""""""""""""""""""""""""""""""""""""""""""""""""""""""""""""""""""""""""""""""""""""""""""""""""""""""""""""""""""""""""""""""""""""""""""""""""""""""""""""""""""""""""""""""""""""""""""""""""""""""""""""""""""""""""""""""""""""""""""""""""""""""""""""""""""""""""""""""""""""""""""""""""""""""""""""""""""""""""""""""""""""""""""""""""""""""""""""""""""""""""""""""""""""""""""""""""""""""""""""""""""""""""""""""""""""""""""""""""""""""""""""""""""""""""""""""""""""""""""""""""""""""""""""""""""""""""""""""""""""""""""""""""""""""""""""""""""""""""""""""""""""""""""""""""""""""""""""""""""""""""""""""""""""""""""""""""""""""""""""""""""""""""""""""""""""""""""""""""""""""""""""""""""""""""""""""""""""""""""""""""""""""""""""""""""""""""""""""""""""""""""""""""""""""""""""""""""""""""""""""""""""""""""""""""""""""""""""""""""""""""""""""""""""""""""""""""""""""""""""""""""""""""""""""""""""""""""""""""""""""""""""""""""""""""""""""""""""""""""""""""""""""""""""""""""""""""""""""""""""""""""""""""""""""""""""""""""""""""""""""""""""""""""""""""""""""""""""""""""""""""""""""""""""""""""""""""""""""""""""""""""""""""""""""""""""""""""""""""""""""""""""""""""""""""""""""""""""""""""""""""""""""""""""""""""""""""""""""""""""""""""""""""""""""""""""""""""""""""""""""""""""""""""""""""""""""""""""""""""""""""""""""""""""""""""""""""""""""""""""""""""""""""""""""""""""""""""""""""""""""""""""""""""""""""""""""""""""""""""""""""""""""""""""""""""""""""""""""""""""""""""""""""""""""""""""""""""""""""""""""""""""""""""""""""""""""""""""""""""""""""""""""""""""""""""""""""""""""""""""""""""""""""""""""""""""""""""""""""""""""""""""""""""""""""""""""""""""""""""""""""""""""""""""""""""""""""""""""""""""""""""""""""""""""""""""""""""""""""""""""""""""""""""""""""""""""""""""""""""""""""""""""""""""""""""""""""""""""""""""""""""""""""""""""""""""""""""""""""""""""""""""""""""""""""""""""""""""""""""""""""""""""""""""""""""""""""""""""""""""""""""""""""""""""""""""""""""""""""""""""""""""""""""""""""""""""""""""""""""""""""""""""""""""""""""""""""""""""""""""""""""""""""""""""""""""""""""""""""""""""""""""""""""""""""""""""""""""""""""""""""""""""""""""""""""""""""""""""""""""""""""""""""""""""""""""""""""""""""""""""""""""""""""""""""""""""""""""""""""""""""""""""""""""""""""""""""""""""""""""""""""""""""""""""""""""""""""""""""""""""""""""""""""""""""""""""""""""""""""""""""""""""""""""""""""""""""""""""""""""""""""""""""""""""""""""""""""""""""""""""""""""""""""""""""""""""""""""""""""""""""""""""""""""""""""""""""""""""""""""""""""""""""""""""""""""""""""""""""""""""""""""""""""""""""""""""""""""""""""""""""""""""""""""""""""""""""""""""""""""""""""""""""""""""""""""""""""""""""""""""""""""""""""""""""""""""""""""""""""""""""""""""""""""""""""""""""""""""""""""""""""""""""""""""""""""""""""""""""""""""""""""""""""""""""""""""""""""""""""""""""""""""""""""""""""""""""""""""""""""""""""""""""""""""""""""""""""""""""""""""""""""""""""""""""""""""""""""""""""""""""""""""""""""""""""""""""""""""""""""""""""""""""""""""""""""""""""""""""""""""""""""""""""""""""""""""""""""""""""""""""""""""""""""""""""""""""""""""""""""""""""""""""""""""""""""""""""""""""""""""""""""""""""""""""""""""""""""""""""""""""""""""""""""""""""""""""""""""""""""""""""""""""""""""""""""""""""""""""""""""""""""""""""""""""""""""""""""""""""""""""""""""""""""""""""""""""""""""""""""""""""""""""""""""""""""""""""""""""""""""""""""""""""""""""""""""""""""""""""""""""""""""""""""""""""""""""""""""""""""""""""""""""""""""""""""""""""""""""""""""""""""""""""""""""""""""""""""""""""""""""""""""""""""""""""""""""""""""""""""""""""""""""""""""""""""""""""""""""""""""""""""""""""""""""""""""""""""""""""""""""""""""""""""""""""""""""""""""""""""""""""""""""""""""""""""""""""""""""""""""""""""""""""""""""""""""""""""""""""""""""""""""""""""""""""""""""""""""""""""""""""""""""""""""""""""""""""""""""""""""""""""""""""""""""""""""""""""""""""""""""""""""""""""""""""""""""""""""""""""""""""""""""""""""""""""""""""""""""""""""""""""""""""""""""""""""""""""""""""""""""""""""""""""""""""""""""""""""""""""""""""""""""""""""""""""""""""""""""""""""""""""""""""""""""""""""""""""""""""""""""""""""""""""""""""""""""""""""""""""""""""""""""""""""""""""""""""""""""""""""""""""""""""""""""""""""""""""""""""""""""""""""""""""""""""""""""""""""""""""""""""""""""""""""""""""""""""""""""""""""""""""""""""""""""""""""""""""""""""""""""""""""""""""""""""""""""""""""""""""""""""""""""""""""""""""""""""""""""""""""""""""""""""""""""""""""""""""""""""""""""""""""""""""""""""""""""""""""""""""""""""""""""""""""""""""""""""""""""""""""""""""""""""""""""""""""""""""""""""""""""""""""""""""""""""""""""""""""""""""""""""""""""""""""""""""""""""""""""""""""""""""""""""""""""""""""""""""""""""""""""""""""""""""""""""""""""""""""""""""""""""""""""""""""""""""""""""""""""""""""""""""""""""""""""""""""""""""""""""""""""""""""""""""""""""""""""""""""""""""""""""""""""""""""""""""""""""""""""""""""""""""""""""""""""""""""""""""""""""""""""""""""""""""""""""""""""""""""""""""""""""""""""""""""""""""""""""""""""""""""""""""""""""""""""""""""""""""""""""""""""""""""""""""""""""""""""""""""""""""""""""""""""""""""""""""""""""""""""""""""""""""""""""""""""""""""""""""""""""""""""""""""""""""""""""""""""""""""""""""""""""""""""""""""""""""""""""""""""""""""""""""""""""""""""""""""""""""""""""""""""""""""""""""""""""""""""""""""""""""""""""""""""""""""""""""""""""""""""""""""""""""""""""""""""""""""""""""""""""""""""""""""""""""""""""""""""""""""""""""""""""""""""""""""""""""""""""""""""""""""""""""""""""""""""""""""""""""""""""""""""""""""""""""""""""""""""""""""""""""""""""""""""""""""""""""""""""""""""""""""""""""""""""""""""""""""""""""""""""""""""""""""""""""""""""""""""""""""""""""""""""""""""""""""""""""""""""""""""""""""""""""""""""""""""""""""""""""""""""""""""""""""""""""""""""""""""""""""""""""""""""""""""""""""""""""""""""""""""""""""""""""""""""""""""""""""""""""""""""""""""""""""""""""""""""""""""""""""""""""""""""""""""""""""""""""""""""""""""""""""""""""""""""""""""""""""""""""""""""""""""""""""""""""""""""""""""""""""""""""""""""""""""""""""""""""""""""""""""""""""""""""""""""""""""""""""""""""""""""""""""""""""""""""""""""""""""""""""""""""""""""""""""""""""""""""""""""""""""""""""""""""""""""""""""""""""""""""""""""""""""""""""""""""""""""""""""""""""""""""""""""""""""""""""""""""""""""""""""""""""""""""""""""""""""""""""""""""""""""""""""""""""""""""""""""""""""""""""""""""""""""""""""""""""""""""""""""""""""""""""""""""""""""""""""""""""""""""""""""""""""""""""""""""""""""""""""""""""""""""""""""""""""""""""""""""""""""""""""""""""""""""""""""""""""""""""""""""""""""""""""""""""""""""""""""""""""""""""""""""""""""""""""""""""""""""""""""""""""""""""""""""""""""""""""""""""""""""""""""""""""""""""""""""""""""""""""""""""""""""""""""""""""""""""""""""""""""""""""""""""""""""""""""""""""""""""""""""""""""""""""""""""""""""""""""""""""""""""""""""""""""""""""""""""""""""""""""""""""""""""""""""""""""""""""""""""""""""""""""""""""""""""""""""""""""""""""""""""""""""""""""""""""""""""""""""""""""""""""""""""""""""""""""""""""""""""""""""""""""""""""""""""""""""""""""""""""""""""""""""""""""""""""""""""""""""""""""""""""""""""""""""""""""""""""""""""""""""""""""""""""""""""""""""""""""""""""""""""""""""""""""""""""""""""""""""""""""""""""""""""""""""""""""""""""""""""""""""""""""""""""""""""""""""""""""""""""""""""""""""""""""""""""""""""""""""""""""""""""""""""""""""""""""""""""""""""""""""""""""""""""""""""""""""""""""""""""""""""""""""""""""""""""""""""""""""""""""""""""""""""""""""""""""""""""""""""""""""""""""""""""""""""""""""""""""""""""""""""""""""""""""""""""""""""""""""""""""""""""""""""""""""""""""""""""""""""""""""""""""""""""""""""""""""""""""""""""""""""""""""""""""""""""""""""""""""""""""""""""""""""""""""""""""""""""""""""""""""""""""""""""""""""""""""""""""""""""""""""""""""""""""""""""""""""""""""""""""""""""""""""""""""""""""""""""""""""""""""""""""""""""""""""""""""""""""""""""""""""""""""""""""""""""""""""""""""""""""""""""""""""""""""""""""""""""""""""""""""""""""""""""""""""""""""""""""""""""""""""""""""""""""""""""""""""""""""""""""""""""""""""""""""""""""""""""""""""""""""""""""""""""""""""""""""""""""""""""""""""""""""""""""""""""""""""""""""""""""""""""""""""""""""""""""""""""""""""""""""""""""""""""""""""""""""""""""""""""""""""""""""""""""""""""""""""""""""""""""""""""""""""""""""""""""""""""""""""""""""""""""""""""""""""""""""""""""""""""""""""""""""""""""""""""""""""""""""""""""""""""""""""""""""""""""""""""""""""""""""""""""""""""""""""""""""""""""""""""""""""""""""""""""""""""""""""""""""""""""""""""""""""""""""""""""""""""""""""""""""""""""""""""""""""""""""""""""""""""""""""""""""""""""""""""""""""""""""""""""""""""""""""""""""""""""""""""""""""""""""""""""""""""""""""""""""""""""""""""""""""""""""""""""""""""""""""""""""""""""""""""""""""""""""""""""""""""""""""""""""""""""""""""""""""""""""""""""""""""""""""""""""""""""""""""""""""""""""""""""""""""""""""""""""""""""""""""""""""""""""""""""""""""""""""""""""""""""""""""""""""""""""""""""""""""""""""""""""""""""""""""""""""""""""""""""""""""""""""""""""""""""""""""""""""""""""""""""""""""""""""""""""""""""""""""""""""""""""""""""""""""""""""""""""""""""""""""""""""""""""""""""""""""""""""""""""""""""""""""""""""""""""""""""""""""""""""""""""""""""""""""""""""""""""""""""""""""""""""""""""""""""""""""""""""""""""""""""""""""""""""""""""""""""""""""""""""""""""""""""""""""""""""""""""""""""""""""""""""""""""""""""""""""""""""""""""""""""""""""""""""""""""""""""""""""""""""""""""""""""""""""""""""""""""""""""""""""""""""""""""""""""""""""""""""""""""""""""""""""""""""""""""""""""""""""""""""""""""""""""""""""""""""""""""""""""""""""""""""""""""""""""""""""""""""""""""""""""""""""""""""""""""""""""""""""""""""""""""""""""""""""""""""""""""""""""""""""""""""""""""""""""""""""""""""""""""""""""""""""""""""""""""""""""""""""""""""""""""""""""""""""""""""""""""""""""""""""""""""""""""""""""""""""""""""""""""""""""""""""""""""""""""""""""""""""""""""""""""""""""""""""""""""""""""""""""""""""""""""""""""""""""""""""""""""""""""""""""""""""""""""""""""""""""""""""""""""""""""""""""""""""""""""""""""""""""""""""""""""""""""""""""""""""""""""""""""""""""""""""""""""""""""""""""""""""""""""""""""""""""""""""""""""""""""""""""""""""""""""""""""""""""""""""""""""""""""""""""""""""""""""""""""""""""""""""""""""""""""""""""""""""""""""""""""""""""""""""""""""""""""""""""""""""""""""""""""""""""""""""""""""""""""""""""""""""""""""""""""""""""""""""""""""""""""""""""""""""""""""""""""""""""""""""""""""""""""""""""""""""""""""""""""""""""""""""""""""""""""""""""""""""""""""""""""""""""""""""""""""""""""""""""""""""""""""""""""""""""""""""""""""""""""""""""""""""""""""""""""""""""""""""""""""""""""""""""""""""""""""""""""""""""""""""""""""""""""""""""""""""""""""""""""""""""""""""""""""""""""""""""""""""""""""""""""""""""""""""""""""""""""""""""""""""""""""""""""""""""""""""""""""""""""""""""""""""""""""""""""""""""""""""""""""""""""""""""""""""""""""""""""""""""""""""""""""""""""""""""""""""""""""""""""""""""""""""""""""""""""""""""""""""""""""""""""""""""""""""""""""""""""""""""""""""""""""""""""""""""""""""""""""""""""""""""""""""""""""""""""""""""""""""""""""""""""""""""""""""""""""""""""""""""""""""""""""""""""""""""""""""""""""""""""""""""""""""""""""""""""""""""""""""""""""""""""""""""""""""""""""""""""""""""""""""""""""""""""""""""""""""""""""""""""""""""""""""""""""""""""""""""""""""""""""""""""""""""""""""""""""""""""""""""""""""""""""""""""""""""""""""""""""""""""""""""""""""""""""""""""""""""""""""""""""""""""""""""""""""""""""""""""""""""""""""""""""""""""""""""""""""""""""""""""""""""""""""""""""""""""""""""""""""""""""""""""""""""""""""""""""""""""""""""""""""""""""""""""""""""""""""""""""""""""""""""""""""""""""""""""""""""""""""""""""""""""""""""""""""""""""""""""""""""""""""""""""""""""""""""""""""""""""""""""""""""""""""""""""""""""""""""""""""""""""""""""""""""""""""""""""""""""""""""""""""""""""""""""""""""""""""""""""""""""""""""""""""""""""""""""""""""""""""""""""""""""""""""""""""""""""""""""""""""""""""""""""""""""""""""""""""""""""""""""""""""""""""""""""""""""""""""""""""""""""""""""""""""""""""""""""""""""""""""""""""""""""""""""""""""""""""""""""""""""""""""""""""""""""""""""""""""""""""""""""""""""""""""""""""""""""""""""""""""""""""""""""""""""""""""""""""""""""""""""""""""""""""""""""""""""""""""""""""""""""""""""""""""""""""""""""""""""""""""""""""""""""""""""""""""""""""""""""""""""""""""""""""""""""""""""""""""""""""""""""""""""""""""""""""""""""""""""""""""""""""""""""""""""""""""""""""""""""""""""""""""""""""""""""""""""""""""""""""""""""""""""""""""""""""""""""""""""""""""""""""""""""""""""""""""""""""""""""""""""""""""""""""""""""""""""""""""""""""""""""""""""""""""""""""""""""""""""""""""""""""""""""""""""""""""""""""""""""""""""""""""""""""""""""""""""""""""""""""""""""""""""""""""""""""""""""""""""""""""""""""""""""""""""""""""""""""""""""""""""""""""""""""""""""""""""""""""""""""""""""""""""""""""""""""""""""""""""""""""""""""""""""""""""""""""""""""""""""""""""""""""""""""""""""""""""""""""""""""""""""""""""""""""""""""""""""""""""""""""""""""""""""""""""""""""""""""""""""""""""""""""""""""""""""""""""""""""""""""""""""""""""""""""""""""""""""""""""""""""""""""""""""""""""""""""""""""""""""""""""""""""""""""""""""""""""""""""""""""""""""""""""""""""""""""""""""""""""""""""""""""""""""""""""""""""""""""""""""""""""""""""""""""""""""""""""""""""""""""""""""""""""""""""""""""""""""""""""""""""""""""""""""""""""""""""""""""""""""""""""""""""""""""""""""""""""""""""""""""""""""""""""""""""""""""""""""""""""""""""""""""""""""""""""""""""""""""""""""""""""""""""""""""""""""""""""""""""""""""""""""""""""""""""""""""""""""""""""""""""""""""""""""""""""""""""""""""""""""""""""""""""""""""""""""""""""""""""""""""""""""""""""""""""""""""""""""""""""""""""""""""""""""""""""""""""""""""""""""""""""""""""""""""""""""""""""""""""""""""""""""""""""""""""""""""""""""""""""""""""""""""""""""""""""""""""""""""""""""""""""""""""""""""""""""""""""""""""""""""""""""""""""""""""""""""""""""""""""""""""""""""""""""""""""""""""""""""""""""""""""""""""""""""""""""""""""""""""""""""""""""""""""""""""""""""""""""""""""""""""""""""""""""""""""""""""""""""""""""""""""""""""""""""""""""""""""""""""""""""""""""""""""""""""""""""""""""""""""""""""""""""""""""""""""""""""""""""""""""""""""""""""""""""""""""""""""""""""""""""""""""""""""""""""""""""""""""""""""""""""""""""""""""""""""""""""""""""""""""""""""""""""""""""""""""""""""""""""""""""""""""""""""""""""""""""""""""""""""""""""""""""""""""""""""""""""""""""""""""""""""""""""""""""""""""""""""""""""""""""""""""""""""""""""""""""""""""""""""""""""""""""""""""""""""""""""""""""""""""""""""""""""""""""""""""""""""""""""""""""""""""""""""""""""""""""""""""""""""""""""""""""""""""""""""""""""""""""""""""""""""""""""""""""""""""""""""""""""""""""""""""""""""""""""""""""""""""""""""""""""""""""""""""""""""""""""""""""""""""""""""""""""""""""""""""""""""""""""""""""""""""""""""""""""""""""""""""""""""""""""""""""""""""""""""""""""""""""""""""""""""""""""""""""""""""""""""""""""""""""""""""""""""""""""""""""""""""""""""""""""""""""""""""""""""""""""""""""""""""""""""""""""""""""""""""""""""""""""""""""""""""""""""""""""""""""""""""""""""""""""""""""""""""""""""""""""""""""""""""""""""""""""""""""""""""""""""""""""""""""""""""""""""""""""""""""""""""""""""""""""""""""""""""""""""""""""""""""""""""""""""""""""""""""""""""""""""""""""""""""""""""""""""""""""""""""""""""""""""""""""""""""""""""""""""""""""""""""""""""""""""""""""""""""""""""""""""""""""""""""""""""""""""""""""""""""""""""""""""""""""""""""""""""""""""""""""""""""""""""""""""""""""""""""""""""""""""""""""""""""""""""""""""""""""""""""""""""""""""""""""""""""""""""""""""""""""""""""""""""""""""""""""""""""""""""""""""""""""""""""""""""""""""""""""""""""""""""""""""""""""""""""""""""""""""""""""""""""""""""""""""""""""""""""""""""""""""""""""""""""""""""""""""""""""""""""""""""""""""""""""""""""""""""""""""""""""""""""""""""""""""""""""""""""""""""""""""""""""""""""""""""""""""""""""""""""""""""""""""""""""""""""""""""""""""""""""""""""""""""""""""""""""""""""""""""""""""""""""""""""""""""""""""""""""""""""""""""""""""""""""""""""""""""""""""""""""""""""""""""""""""""""""""""""""""""""""""""""""""""""""""""""""""""""""""""""""""""""""""""""""""""""""""""""""""""""""""""""""""""""""""""""""""""""""""""""""""""""""""""""""""""""""""""""""""""""""""""""""""""""""""""""""""""""""""""""""""""""""""""""""""""""""""""""""""""""""""""""""""""""""""""""""""""""""""""""""""""""""""""""""""""""""""""""""""""""""""""""""""""""""""""""""""""""""""""""""""""""""""""""""""""""""""""""""""""""""""""""""""""""""""""""""""""""""""""""""""""""""""""""""""""""""""""""""""""""""""""""""""""""""""""""""""""""""""""""""""""""""""""""""""""""""""""""""""""""""""""""""""""""""""""""""""""""""""""""""""""""""""""""""""""""""""""""""""""""""""""""""""""""""""""""""""""""""""""""""""""""""""""""""""""""""""""""""""""""""""""""""""""""""""""""""""""""""""""""""""""""""""""""""""""""""""""""""""""""""""""""""""""""""""""""""""""""""""""""""""""""""""""""""""""""""""""""""""""""""""""""""""""""""""""""""""""""""""""""""""""""""""""""""""""""""""""""""""""""""""""""""""""""""""""""""""""""""""""""""""""""""""""""""""""""""""""""""""""""""""""""""""""""""""""""""""""""""""""""""""""""""""""""""""""""""""""""""""""""""""""""""""""""""""""""""""""""""""""""""""""""""""""""""""""""""""""""""""""""""""""""""""""""""""""""""""""""""""""""""""""""""""""""""""""""""""""""""""""""""""""""""""""""""""""""""""""""""""""""""""""""""""""""""""""""""""""""""""""""""""""""""""""""""""""""""""""""""""""""""""""""""""""""""""""""""""""""""""""""""""""""""""""""""""""""""""""""""""""""""""""""""""""""""""""""""""""""""""""""""""""""""""""""""""""""""""""""""""""""""""""""""""""""""""""""""""""""""""""""""""""""""""""""""""""""""""""""""""""""""""""""""""""""""""""""""""""""""""""""""""""""""""""""""""""""""""""""""""""""""""""""""""""""""""""""""""""""""""""""""""""""""""""""""""""""""""""""""""""""""""""""""""""""""""""""""""""""""""""""""""""""""""""""""""""""""""""""""""""""""""""""""""""""""""""""""""""""""""""""""""""""""""""""""""""""""""""""""""""""""""""""""""""""""""""""""""""""""""""""""""""""""""""""""""""""""""""""""""""""""""""""""""""""""""""""""""""""""""""""""""""""""""""""""""""""""""""""""""""""""""""""""""""""""""""""""""""""""""""""""""""""""""""""""""""""""""""""""""""""""""""""""""""""""""""""""""""""""""""""""""""""""""""""""""""""""""""""""""""""""""""""""""""""""""""""""""""""""""""""""""""""""""""""""""""""""""""""""""""""""""""""""""""""""""""""""""""""""""""""""""""""""""""""""""""""""""""""""""""""""""""""""""""""""""""""""""""""""""""""""""""""""""""""""""""""""""""""""""""""""""""""""""""""""""""""""""""""""""""""""""""""""""""""""""""""""""""""""""""""""""""""""""""""""""""""""""""""""""""""""""""""""""""""""""""""""""""""""""""""""""""""""""""""""""""""""""""""""""""""""""""""""""""""""""""""""""""""""""""""""""""""""""""""""""""""""""""""""""""""""""""""""""""""""""""""""""""""""""""""""""""""""""""""""""""""""""""""""""""""""""""""""""""""""""""""""""""""""""""""""""""""""""""""""""""""""""""""""""""""""""""""""""""""""""""""""""""""""""""""""""""""""""""""""""""""""""""""""""""""""""""""""""""""""""""""""""""""""""""""""""""""""""""""""""""""""""""""""""""""""""""""""""""""""""""""""""""""""""""""""""""""""""""""""""""""""""""""""""""""""""""""""""""""""""""""""""""""""""""""""""""""""""""""""""""""""""""""""""""""""""""""""""""""""""""""""""""""""""""""""""""""""""""""""""""""""""""""""""""""""""""""""""""""""""""""""""""""""""""""""""""""""""""""""""""""""""""""""""""""""""""""""""""""""""""""""""""""""""""""""""""""""""""""""""""""""""""""""""""""""""""""""""""""""""""""""""""""""""""""""""""""""""""""""""""""""""""""""""""""""""""""""""""""""""""""""""""""""""""""""""""""""""""""""""""""""""""""""""""""""""""""""""""""""""""""""""""""""""""""""""""""""""""""""""""""""""""""""""""""""""""""""""""""""""""""""""""""""""""""""""""""""""""""""""""""""""""""""""""""""""""""""""""""""""""""""""""""""""""""""""""""""""""""""""""""""""""""""""""""""""""""""""""""""""""""""""""""""""""""""""""""""""""""""""""""""""""""""""""""""""""""""""""""""""""""""""""""""""""""""""""""""""""""""""""""""""""""""""""""""""""""""""""""""""""""""""""""""""""""""""""""""""""""""""""""""""""""""""""""""""""""""""""""""""""""""""""""""""""""""""""""""""""""""""""""""""""""""""""""""""""""""""""""""""""""""""""""""""""""""""""""""""""""""""""""""""""""""""""""""""""""""""""""""""""""""""""""""""""""""""""""""""""""""""""""""""""""""""""""""""""""""""""""""""""""""""""""""""""""""""""""""""""""""""""""""""""""""""""""""""""""""""""""""""""""""""""""""""""""""""""""""""""""""""""""""""""""""""""""""""""""""""""""""""""""""""""""""""""""""""""""""""""""""""""""""""""""""""""""""""""""""""""""""""""""""""""""""""""""""""""""""""""""""""""""""""""""""""""""""""""""""""""""""""""""""""""""""""""""""""""""""""""""""""""""""""""""""""""""""""""""""""""""""""""""""""""""""""""""""""""""""""""""""""""""""""""""""""""""""""""""""""""""""""""""""""""""""""""""""""""""""""""""""""""""""""""""""""""""""""""""""""""""""""""""""""""""""""""""""""""""""""""""""""""""""""""""""""""""""""""""""""""""""""""""""""""""""""""""""""""""""""""""""""""""""""""""""""""""""""""""""""""""""""""""""""""""""""""""""""""""""""""""""""""""""""""""""""""""""""""""""""""""""""""""""""""""""""""""""""""""""""""""""""""""""""""""""""""""""""""""""""""""""""""""""""""""""""""""""""""""""""""""""""""""""""""""""""""""""""""""""""""""""""""""""""""""""""""""""""""""""""""""""""""""""""""""""""""""""""""""""""""""""""""""""""""""""""""""""""""""""""""""""""""""""""""""""""""""""""""""""""""""""""""""""""""""""""""""""""""""""""""""""""""""""""""""""""""""""""""""""""""""""""""""""""""""""""""""""""""""""""""""""""""""""""""""""""""""""""""""""""""""""""""""""""""""""""""""""""""""""""""""""""""""""""""""""""""""""""""""""""""""""""""""""""""""""""""""""""""""""""""""""""""""""""""""""""""""""""""""""""""""""""""""""""""""""""""""""""""""""""""""""""""""""""""""""""""""""""""""""""""""""""""""""""""""""""""""""""""""""""""""""""""""""""""""""""""""""""""""""""""""""""""""""""""""""""""""""""""""""""""""""""""""""""""""""""""""""""""""""""""""""""""""""""""""""""""""""""""""""""""""""""""""""""""""""""""""""""""""""""""""""""""""""""""""""""""""""""""""""""""""""""""""""""""""""""""""""""""""""""""""""""""""""""""""""""""""""""""""""""""""""""""""""""""""""""""""""""""""""""""""""""""""""""""""""""""""""""""""""""""""""""""""""""""""""""""""""""""""""""""""""""""""""""""""""""""""""""""""""""""""""""""""""""""""""""""""""""""""""""""""""""""""""""""""""""""""""""""""""""""""""""""""""""""""""""""""""""""""""""""""""""""""""""""""""""""""""""""""""""""""""""""""""""""""""""""""""""""""""""""""""""""""""""""""""""""""""""""""""""""""""""""""""""""""""""""""""""""""""""""""""""""""""""""""""""""""""""""""""""""""""""""""""""""""""""""""""""""""""""""""""""""""""""""""""""""""""""""""""""""""""""""""""""""""""""""""""""""""""""""""""""""""""""""""""""""""""""""""""""""""""""""""""""""""""""""""""""""""""""""""""""""""""""""""""""""""""""""""""""""""""""""""""""""""""""""""""""""""""""""""""""""""""""""""""""""""""""""""""""""""""""""""""""""""""""""""""""""""""""""""""""""""""""""""""""""""""""""""""""""""""""""""""""""""""""""""""""""""""""""""""""""""""""""""""""""""""""""""""""""""""""""""""""""""""""""""""""""""""""""""""""""""""""""""""""""""""""""""""""""""""""""""""""""""""""""""""""""""""""""""""""""""""""""""""""""""""""""""""""""""""""""""""""""""""""""""""""""""""""""""""""""""""""""""""""""""""""""""""""""""""""""""""""""""""""""""""""""""""""""""""""""""""""""""""""""""""""""""""""""""""""""""""""""""""""""""""""""""""""""""""""""""""""""""""""""""""""""""""""""""""""""""""""""""""""""""""""""""""""""""""""""""""""""""""""""""""""""""""""""""""""""""""""""""""""""""""""""""""""""""""""""""""""""""""""""""""""""""""""""""""""""""""""""""""""""""""""""""""""""""""""""""""""""""""""""""""""""""""""""""""""""""""""""""""""""""""""""""""""""""""""""""""""""""""""""""""""""""""""""""""""""""""""""""""""""""""""""""""""""""""""""""""""""""""""""""""""""""""""""""""""""""""""""""""""""""""""""""""""""""""""""""""""""""""""""""""""""""""""""""""""""""""""""""""""""""""""""""""""""""""""""""""""""""""""""""""""""""""""""""""""""""""""""""""""""""""""""""""""""""""""""""""""""""""""""""""""""""""""""""""""""""""""""""""""""""""""""""""""""""""""""""""""""""""""""""""""""""""""""""""""""""""""""""""""""""""""""""""""""""""""""""""""""""""""""""""""""""""""""""""""""""""""""""""""""""""""""""""""""""""""""""""""""""""""""""""""""""""""""""""""""""""""""""""""""""""""""""""""""""""""""""""""""""""""""""""""""""""""""""""""""""""""""""""""""""""""""""""""""""""""""""""""""""""""""""""""""""""""""""""""""""""""""""""""""""""""""""""""""""""""""""""""""""""""""""""""""""""""""""""""""""""""""""""""""""""""""""""""""""""""""""""""""""""""""""""""""""""""""""""""""""""""""""""""""""""""""""""""""""""""""""""""""""""""""""""""""""""""""""""""""""""""""""""""""""""""""""""""""""""""""""""""""""""""""""""""""""""""""""""""""""""""""""""""""""""""""""""""""""""""""""""""""""""""""""""""""""""""""""""""""""""""""""""""""""""""""""""""""""""""""""""""""""""""""""""""""""""""""""""""""""""""""""""""""""""""""""""""""""""""""""""""""""""""""""""""""""""""""""""""""""""""""""""""""""""""""""""""""""""""""""""""""""""""""""""""""""""""""""""""""""""""""""""""""""""""""""""""""""""""""""""""""""""""""""""""""""""""""""""""""""""""""""""""""""""""""""""""""""""""""""""""""""""""""""""""""""""""""""""""""""""""""""""""""""""""""""""""""""""""""""""""""""""""""""""""""""""""""""""""""""""""""""""""""""""""""""""""""""""""""""""""""""""""""""""""""""""""""""""""""""""""""""""""""""""""""""""""""""""""""""""""""""""""""""""""""""""""""""""""""""""""""""""""""""""""""""""""""""""""""""""""""""""""""""""""""""""""""""""""""""""""""""""""""""""""""""""""""""""""""""""""""""""""""""""""""""""""""""""""""""""""""""""""""""""""""""""""""""""""""""""""""""""""""""""""""""""""""""""""""""""""""""""""""""""""""""""""""""""""""""""""""""""""""""""""""""""""""""""""""""""""""""""""""""""""""""""""""""""""""""""""""""""""""""""""""""""""""""""""""""""""""""""""""""""""""""""""""""""""""""""""""""""""""""""""""""""""""""""""""""""""""""""""""""""""""""""""""""""""""""""""""""""""""""""""""""""""""""""""""""""""""""""""""""""""""""""""""""""""""""""""""""""""""""""""""""""""""""""""""""""""""""""""""""""""""""""""""""""""""""""""""""""""""""""""""""""""""""""""""""""""""""""""""""""""""""""""""""""""""""""""""""""""""""""""""""""""""""""""""""""""""""""""""""""""""""""""""""""""""""""""""""""""""""""""""""""""""""""""""""""""""""""""""""""""""""""""""""""""""""""""""""""""""""""""""""""""""""""""""""""""""""""""""""""""""""""""""""""""""""""""""""""""""""""""""""""""""""""""""""""""""""""""""""""""""""""""""""""""""""""""""""""""""""""""""""""""""""""""""""""""""""""""""""""""""""""""""""""""""""""""""""""""""""""""""""""""""""""""""""""""""""""""""""""""""""""""""""""""""""""""""""""""""""""""""""""""""""""""""""""""""""""""""""""""""""""""""""""""""""""""""""""""""""""""""""""""""""""""""""""""""""""""""""""""""""""""""""""""""""""""""""""""""""""""""""""""""""""""""""""""""""""""""""""""""""""""""""""""""""""""""""""""""""""""""""""""""""""""""""""""""""""""""""""""""""""""""""""""""""""""""""""""""""""""""""""""""""""""""""""""""""""""""""""""""""""""""""""""""""""""""""""""""""""""""""""""""""""""""""""""""""""""""""""""""""""""""""""""""""""""""""""""""""""""""""""""""""""""""""""""""""""""""""""""""""""""""""""""""""""""""""""""""""""""""""""""""""""""""""""""""""""""""""""""""""""""""""""""""""""""""""""""""""""""""""""""""""""""""""""""""""""""""""""""""""""""""""""""""""""""""""""""""""""""""""""""""""""""""""""""""""""""""""""""""""""""""""""""""""""""""""""""""""""""""""""""""""""""""""""""""""""""""""""""""""""""""""""""""""""""""""""""""""""""""""""""""""""""""""""""""""""""""""""""""""""""""""""""""""""""""""""""""""""""""""""""""""""""""""""""""""""""""""""""""""""""""""""""""""""""""""""""""""""""""""""""""""""""""""""""""""""""""""""""""""""""""""""""""""""""""""""""""""""""""""""""""""""""""""""""""""""""""""""""""""""""""""""""""""""""""""""""""""""""""""""""""""""""""""""""""""""""""""""""""""""""""""""""""""""""""""""""""""""""""""""""""""""""""""""""""""""""""""""""""""""""""""""""""""""""""""""""""""""""""""""""""""""""""""""""""""""""""""""""""""""""""""""""""""""""""""""""""""""""""""""""""""""""""""""""""""""""""""""""""""""""""""""""""""""""""""""""""""""""""""""""""""""""""""""""""""""""""""""""""""""""""""""""""""""""""""""""""""""""""""""""""""""""""""""""""""""""""""""""""""""""""""""""""""""""""""""""""""""""""""""""""""""""""""""""""""""""""""""""""""""""""""""""""""""""""""""""""""""""""""""""""""""""""""""""""""""""""""""""""""""""""""""""""""""""""""""""""""""""""""""""""""""""""""""""""""""""""",normal,constant
11,a,t5,hit,collision,response_run,4.5326,1.5452,,,3.254,6.9165,0.6676,False,False,False,False,True,False,True,vha,True,False,phone,both,alarm a tiny bit late,normal,constant
11,b,c1,stop,safe_stop,safe_stop,5.2351,1.7847,,,,,0.0,False,False,False,False,False,True,False,no,True,False,phone,no,glanced up once towards traffics towards midpoint,normal,constant
11,b,c2,stop,safe_stop,safe_stop,4.5091,1.5372,,,,,0.6908,False,False,False,False,False,True,False,no,True,True,both,no,,normal,constant
11,b,s1,safe,safe_turn,safe_turn,4.7514,1.6198,,,,,0.4487,False,False,False,False,False,False,False,no,True,False,phone,no,stopped for ambient midway,normal,constant
11,b,s2,safe,safe_turn,safe_turn,5.0541,1.723,,,,,0.1458,False,False,False,False,False,False,False,no,True,False,phone,no,glanced up midpoint towards ambient,normal,constant
11,b,t1,hit,collision,response_run,4.434,1.5116,,,,9.4102,0.7658,False,False,False,False,True,False,False,no,True,False,phone,vha,redid (too fast before but asked to walk slower afterwards),normal,constant
11,b,t2,hit,collision,response_run,5.2257,1.7815,,,,8.7525,0.0,False,False,False,False,True,False,False,no,False,True,traffic,vha,almost crashed into ambient,normal,constant
11,b,t3,hit,collision,response_run,4.1357,1.4099,,,,8.4938,1.0644,False,False,False,False,True,False,False,no,True,False,phone,no,looked up before VHA,normal,constant
11,b,t4,hit,collision,response_stop,3.9453,1.345,,,,8.5608,1.2545,False,False,True,False,True,False,True,vha,False,True,traffic,vha,waited for ambient and wanted to run before VHA,normal,constant
11,b,t5,hit,collision,response_run,3.6605,1.2479,,,,8.8592,1.5394,False,False,False,False,True,False,False,no,True,False,phone,vha,redid (timing error previously),normal,constant
12,a,c1,stop,safe_stop,safe_stop,4.407,1.5024,,,3.1959,,0.7929,False,False,False,False,False,True,False,no,True,False,phone,f,looks up midway,fast,constant
12,a,c2,stop,safe_stop,safe_stop,4.0295,1.3737,,,8.7427,,1.1705,False,False,False,False,False,True,False,no,True,False,phone,f,looks up midway,fast,constant
12,a,s1,safe,safe_turn,safe_turn,4.1199,1.4045,,,,,1.0802,False,False,False,False,False,False,False,no,True,False,phone,no,does not look up,fast,constant
12,a,s2,safe,safe_turn,safe_turn,3.1387,1.07,,,,,2.0613,False,False,False,False,False,False,False,no,True,False,phone,no,does not look up,fast,constant
12,a,t1,hit,collision,response_continue_walk,3.6021,1.228,,,6.7683,9.5122,1.5979,False,False,False,False,False,False,False,no,True,False,phone,both,looks up midway and continues till over,fast,constant
12,a,t2,hit,collision,collision,3.8025,1.2963,,,9.3313,11.9889,1.3976,False,True,False,False,False,False,False,no,True,False,phone,both,looks up midway and continues till over,fast,constant
12,a,t3,hit,collision,response_continue_walk,3.7555,1.2803,,,6.5803,9.2624,1.4444,False,False,False,False,False,False,False,no,True,False,phone,both,looks up midway and continues till over,fast,constant
12,a,t4,hit,collision,response_continue_walk,3.0366,1.0352,,,5.0972,7.8032,2.1636,False,False,False,False,False,False,False,no,True,False,phone,both,looks up midway and continues till over,fast,constant
12,a,t5,hit,collision,response_continue_walk,3.8163,1.301,,,11.1165,13.8201,1.3836,False,False,False,False,False,False,False,no,True,False,phone,both,looks up midway and continues till over,fast,constant
12,b,c1,stop,safe_stop,safe_stop,3.8245,1.3038,,,,,1.3757,False,False,False,False,False,True,False,no,True,False,phone,no,catch visible only when reached goal,fast,constant
12,b,c2,stop,safe_stop,safe_stop,2.3643,0.806,,,,,2.8359,False,False,False,False,False,True,False,no,False,True,traffic,no,,fast,constant
12,b,s1,safe,safe_turn,safe_turn,2.9005,0.9888,,,,,2.2994,False,False,False,False,False,False,False,no,False,True,traffic,no,writes and then walks,fast,constant
12,b,s2,safe,safe_turn,safe_turn,3.3076,1.1276,,,,,1.8923,False,False,False,False,False,False,False,no,True,False,phone,no,,fast,constant
12,b,t1,hit,collision,response_continue_walk,4.3754,1.4916,,,,10.71,0.8246,False,False,False,False,False,False,False,no,True,False,phone,vha,,fast,constant
12,b,t2,hit,collision,collision,3.5731,1.2181,,,,8.2607,1.6268,False,True,False,False,False,False,False,no,True,False,phone,vha,does not see ambient,fast,constant
12,b,t3,hit,collision,response_continue_walk,3.4737,1.1842,,,,6.6083,1.7264,False,False,False,False,False,False,False,no,True,False,phone,vha,,fast,constant
12,b,t4,hit,collision,response_continue_walk,3.0152,1.0279,,,,12.0779,2.185,False,False,False,False,False,False,False,no,True,False,phone,vha,,fast,constant
12,b,t5,hit,collision,response_continue_walk,4.1923,1.4292,,,,11.5343,1.0077,False,False,False,False,False,False,False,no,True,False,phone,vha,redid (too fast -> afterwards asked to write while walking),fast,constant
13,a,c1,stop,safe_stop,safe_stop,5.5402,1.8887,,,4.7834,,0.0,False,False,False,False,False,True,False,no,True,False,phone,f,,slow,constant
13,a,c2,stop,safe_stop,safe_stop,6.5384,2.229,,,6.777,,0.0,False,False,False,False,False,True,False,no,True,False,phone,f,slows down at f and watches car while continuing to walk,slow,constant
13,a,s1,safe,safe_turn,safe_turn,6.7012,2.2845,,,,,0.0,False,False,False,False,False,False,False,no,True,False,phone,no,slows down at danger zone & looks to street before fully crossing,slow,constant
13,a,s2,safe,safe_turn,safe_turn,4.8878,1.6663,,,,,0.3119,False,False,False,False,False,False,False,no,True,False,phone,no,looked up midway once,slow,constant
13,a,t1,hit,collision,response_stop,5.2821,1.8007,,,18.1018,21.3657,0.0,False,False,True,False,True,False,True,vha,True,False,phone,both,walked two more steps after f,slow,constant
13,a,t2,hit,collision,response_stop,7.5551,2.5756,,,8.8087,12.9219,0.0,False,False,True,False,True,False,True,both,True,False,phone,both,no car yet at f,slow,constant
13,a,t3,hit,collision,response_stop,5.6194,1.9157,,,4.5633,7.8566,0.0,False,False,True,False,True,False,True,vha,True,False,phone,both,,slow,constant
13,a,t4,hit,collision,response_stop,4.6971,1.6013,,,3.8251,7.0041,0.503,False,False,True,False,True,False,True,vha,True,False,phone,both,wanted to continue walking after f and ambient,slow,constant
13,a,t5,hit,collision,response_stop,5.9303,2.0217,,,6.0075,9.6294,0.0,False,False,True,False,True,False,True,vha,True,False,phone,both,slows down for f,slow,constant
13,b,c1,stop,safe_stop,safe_stop,5.3261,1.8157,,,,,0.0,False,False,False,False,False,True,False,no,True,False,phone,no,slowed down at danger zone but did not look up,slow,constant
13,b,c2,stop,safe_stop,safe_stop,5.8095,1.9805,,,,,0.0,False,False,False,False,False,True,False,no,True,False,phone,no,slowed down at danger zone and saw catch,slow,constant
13,b,s1,safe,safe_turn,safe_turn,7.9341,2.7048,,,,,0.0,False,False,False,False,False,False,False,no,True,False,phone,no,slowed down at danger zone but did not look up,slow,constant
13,b,s2,safe,safe_turn,safe_turn,5.864,1.9991,,,,,0.0,False,False,False,False,False,False,False,no,True,False,phone,no,did not look up,slow,constant
13,b,t1,hit,collision,response_stop,5.0609,1.7253,,,,8.8477,0.1391,False,False,True,False,True,False,True,vha,True,False,phone,vha,,slow,constant
13,b,t2,hit,collision,response_stop,5.2075,1.7753,,,,8.6474,0.0,False,False,True,False,True,False,True,vha,True,False,phone,vha,collided with ambient but did no see it,slow,constant
13,b,t3,hit,collision,response_stop,5.0512,1.722,,,,9.2605,0.1486,False,False,True,False,True,False,True,vha,True,False,phone,vha,,slow,constant
13,b,t4,hit,collision,response_stop,6.4255,2.1905,,,,10.4593,0.0,False,False,True,False,True,False,True,vha,True,False,phone,vha,,slow,constant
13,b,t5,hit,collision,response_stop,7.3709,2.5128,,,,13.7026,0.0,False,False,True,False,True,False,True,vha,True,False,phone,vha,,slow,constant
14,a,c1,stop,safe_stop,safe_stop,5.1644,1.7606,,,4.1277,,0.0357,False,False,False,False,False,True,True,f,True,True,both,f,waits till scenario over,normal,constant
14,a,c2,stop,safe_stop,safe_stop,4.9438,1.6854,,,4.015,,0.2562,False,False,False,False,False,True,True,f,True,True,both,f,waits till scenario over,normal,constant
14,a,s1,safe,safe_turn,safe_turn,6.0579,2.0652,,,,,0.0,False,False,False,False,False,False,False,no,True,True,both,no,waits for ambient and glances once on street,normal,constant
14,a,s2,safe,safe_turn,safe_turn,4.7109,1.606,,,,,0.489,False,False,False,False,False,False,False,no,True,True,both,no,,normal,constant
14,a,t1,hit,collision,response_stop,4.373,1.4908,,,4.533,8.3017,0.8271,False,False,True,False,True,False,True,both,True,True,both,both,laughs at f and stays in place till over,normal,constant
14,a,t2,hit,collision,response_stop,3.9213,1.3368,,,5.2138,8.5436,1.2786,False,False,True,False,True,False,True,both,True,True,both,both,(redid: timing error with ambient),normal,constant
14,a,t3,hit,collision,response_stop,4.3322,1.4769,,,4.961,8.7973,0.8676,False,False,True,False,True,False,True,both,True,True,both,both,,normal,constant
14,a,t4,hit,collision,response_stop,5.2052,1.7745,,,4.9405,8.2172,0.0,False,False,True,False,True,False,True,both,True,True,both,both,,normal,constant
14,a,t5,hit,collision,response_stop,5.0104,1.7081,,,5.545,9.2523,0.1897,False,False,True,False,True,False,True,both,True,True,both,both,,normal,constant
14,b,c1,stop,safe_stop,safe_stop,5.4941,1.873,,,,,0.0,False,False,False,False,False,True,False,no,True,True,both,no,saw car but continued walking,normal,constant
14,b,c2,stop,safe_stop,safe_stop,4.2307,1.4423,,,,,0.9694,False,False,False,False,False,True,False,no,True,True,both,no,saw car but said didn't matter because there was no alarm,normal,constant
14,b,s1,safe,safe_turn,safe_turn,4.8673,1.6593,,,,,0.3328,False,False,False,False,False,False,False,no,True,True,both,no,when trigger over crossing was only looking at phone,normal,constant
14,b,s2,safe,safe_turn,safe_turn,4.1122,1.4019,,,,,1.0877,False,False,False,False,False,False,False,no,True,True,both,no,,normal,constant
14,b,t1,hit,collision,response_stop,4.6015,1.5687,,,,7.3271,0.5983,False,False,True,False,True,False,True,vha,True,True,both,vha,,normal,constant
14,b,t2,hit,collision,response_stop,4.96,1.6909,,,,7.037,0.2401,False,False,True,False,True,False,True,vha,False,True,traffic,vha,saw ambient and let it pass by,normal,constant
14,b,t3,hit,collision,response_stop,5.0486,1.7211,,,,8.6629,0.1514,False,False,True,False,True,False,True,vha,True,False,phone,vha,,normal,constant
14,b,t4,hit,collision,collision,4.9611,1.6913,,,,27.5993,0.239,False,True,False,False,False,False,False,no,True,False,phone,vha,glances at traffic and saw car before alarm + after alarm continued walking,normal,constant
14,b,t5,hit,collision,response_stop,4.495,1.5324,,,,9.5147,0.705,False,False,True,False,True,False,True,vha,True,False,phone,vha,,normal,constant
15,a,c1,stop,safe_stop,safe_stop,5.3915,1.838,,,5.4864,,0.0,False,False,False,False,False,True,True,f,True,False,phone,f,took 2 steps back before car visible,normal,dynamic
15,a,c2,stop,safe_stop,safe_stop,5.9896,2.0419,,,4.3866,,0.0,False,False,False,False,False,True,True,f,True,False,phone,f,took 3 steps back after f and seeing car,normal,dynamic
15,a,s1,safe,safe_turn,safe_turn,5.0066,1.7068,,,,,0.1932,False,False,False,False,False,False,False,no,True,False,phone,no,waited for ambient after B,normal,dynamic
15,a,s2,safe,safe_turn,safe_turn,5.4985,1.8745,,,,,0.0,False,False,False,False,False,False,False,no,True,True,both,no,,normal,dynamic
15,a,t1,hit,collision,response_stop,5.3049,1.8085,,,3.6123,6.2594,0.0,False,False,True,False,True,False,True,both,True,False,phone,both,took 2 steps back after VHA,normal,dynamic
15,a,t2,hit,collision,response_stop,5.4032,1.842,,,25.6545,28.2396,0.0,False,False,True,False,True,False,True,vha,True,False,phone,both,took 2 steps back after VHA,normal,dynamic
15,a,t3,hit,collision,response_stop,4.4446,1.5152,,,3.9481,6.5895,0.7553,False,False,True,False,True,False,True,both,True,False,phone,both,took 2 steps after f,normal,dynamic
15,a,t4,hit,collision,response_stop,5.5199,1.8818,,,4.0021,6.677,0.0,False,False,True,False,True,False,True,both,True,False,phone,both,took 2 steps back after trigger and wanted to continue walking afterwards till VHA,normal,dynamic
15,a,t5,hit,collision,response_run_back,4.0788,1.3905,,,3.3172,5.9876,1.1213,False,False,False,False,True,False,True,vha,True,False,phone,both,goes back to start after f and seeing ambient and trigger + hears VHA at start,normal,dynamic
15,b,c1,stop,safe_stop,safe_stop,4.2665,1.4545,,,,,0.9337,False,False,False,False,False,True,False,no,True,True,both,no,,normal,dynamic
15,b,c2,stop,safe_stop,safe_stop,4.7766,1.6284,,,,,0.4235,False,False,False,False,False,True,False,no,True,False,phone,no,looked up midway but did not stop,normal,dynamic
15,b,s1,safe,safe_turn,safe_turn,3.7136,1.266,,,,,1.4864,False,False,False,False,False,False,False,no,True,True,both,no,was shocked that ambient drove closely by without alarm,normal,dynamic
15,b,s2,safe,safe_turn,safe_turn,4.7409,1.6162,,,,,0.459,False,False,False,False,False,False,False,no,True,False,phone,no,looked up midway once,normal,dynamic
15,b,t1,hit,collision,response_run,3.9251,1.3381,,,,5.5818,1.2749,False,False,False,False,True,False,False,no,True,True,both,vha,walked quiet fast and alarm close before danger zone and continued till other side,normal,dynamic
15,b,t2,hit,collision,response_stop,3.7951,1.2938,,,,5.7832,1.405,False,False,True,False,True,False,True,vha,False,True,traffic,vha,stopped for ambient so alarm early,normal,dynamic
15,b,t3,hit,collision,response_stop,3.9204,1.3365,,,,5.4703,1.2793,False,False,True,False,True,False,True,vha,True,False,phone,vha,took 2 steps back after alarm,normal,dynamic
15,b,t4,hit,collision,response_stop,4.7793,1.6293,,,,5.9365,0.4207,False,False,True,False,True,False,True,vha,True,False,phone,vha,took 2 steps back after alarm,normal,dynamic
15,b,t5,hit,collision,response_run,4.0979,1.397,,,,5.6327,1.102,False,False,False,False,True,False,False,no,True,False,phone,vha,redid (ran before -> timing error) and ran again but after alarm,normal,dynamic
16,a,c1,stop,safe_stop,safe_stop,3.9717,1.354,,,6.2774,,1.2282,False,False,False,False,False,True,False,no,True,False,phone,f,looked up twice midway,normal,constant
16,a,c2,stop,safe_stop,safe_stop,3.8922,1.3269,,,5.1271,,1.3077,False,False,False,False,False,True,False,no,True,True,both,f,sees catch after f and glances back and forth while stopping for c and continuing afterwards,normal,constant
16,a,s1,safe,safe_turn,safe_turn,6.1427,2.0941,,,,,0.0,False,False,False,False,False,False,False,no,True,False,phone,no,looked up shortly before danger zone,normal,constant
16,a,s2,safe,safe_turn,safe_turn,3.8585,1.3154,,,,,1.3415,False,False,False,False,False,False,False,no,True,False,phone,no,looked up once midway,normal,constant
16,a,t1,hit,collision,response_stop,4.3214,1.4732,,,7.5933,10.7279,0.8785,False,False,True,False,True,False,True,vha,True,False,phone,f,redid (twice -> false start and timing error due too fast) + continuied a few steps before stopping for VHA,normal,constant
16,a,t2,hit,collision,response_stop,4.8092,1.6395,,,5.4187,8.4163,0.3909,False,False,True,False,True,False,True,vha,True,False,phone,both,,normal,constant
16,a,t3,hit,collision,response_stop,3.7837,1.2899,,,4.1713,7.2996,1.4162,False,False,True,False,True,False,True,vha,True,False,phone,both,,normal,constant
16,a,t4,hit,collision,response_stop,4.7059,1.6043,,,5.3585,8.4474,0.4941,False,False,True,False,True,False,True,vha,True,False,phone,both,,normal,constant
16,a,t5,hit,collision,response_stop,3.2381,1.1039,,,6.9556,10.0196,1.962,False,False,True,False,True,False,True,vha,True,False,phone,both,,normal,constant
16,b,c1,stop,safe_stop,safe_stop,5.075,1.7301,,,,,0.1248,False,False,False,False,False,True,False,no,True,False,phone,no,looked up midway (before catch visible) and walked slower overall,normal,constant
16,b,c2,stop,safe_stop,safe_stop,3.6743,1.2526,,,,,1.5257,False,False,False,False,False,True,False,no,True,True,both,no,,normal,constant
16,b,s1,safe,safe_turn,safe_turn,3.889,1.3258,,,,,1.3108,False,False,False,False,False,False,False,no,True,False,phone,no,looks up once midway,normal,constant
16,b,s2,safe,safe_turn,safe_turn,4.1034,1.3989,,,,,1.0966,False,False,False,False,False,False,False,no,True,False,phone,no,looked up midway,normal,constant
16,b,t1,hit,collision,response_stop,3.8482,1.3119,,,,21.4545,1.3518,False,False,True,False,True,False,True,vha,True,False,phone,vha,,normal,constant
16,b,t2,hit,collision,collision,3.8163,1.301,,,,30.9139,1.3838,False,True,False,False,False,False,True,vha,True,False,phone,vha,looked confused around,normal,constant
16,b,t3,hit,collision,response_stop,4.6966,1.6011,,,,9.317,0.5036,False,False,True,False,True,False,True,vha,True,False,phone,vha,,normal,constant
16,b,t4,hit,collision,collision,3.9389,1.3428,,,,7.7387,1.261,False,True,False,False,False,False,True,vha,True,True,both,vha,,normal,constant
16,b,t5,hit,collision,response_stop,4.8573,1.6559,,,,9.1264,0.3427,False,False,True,False,True,False,True,vha,True,False,phone,vha,,normal,constant
17,a,c1,stop,safe_stop,safe_stop,6.3196,2.1544,,,5.8115,,0.0,False,False,False,False,False,True,True,f,True,False,phone,f,waits while looking up and takes 2 steps back,normal,dynamic
17,a,c2,stop,safe_stop,safe_stop,5.669,1.9326,,,4.7503,,0.0,False,False,False,False,False,True,True,f,True,False,phone,f,wants to take a step forward but stops after car turns,normal,dynamic
17,a,s1,safe,safe_turn,safe_turn,6.6745,2.2754,,,,,0.0,False,False,False,False,False,False,False,no,True,False,phone,no,,normal,dynamic
17,a,s2,safe,safe_turn,safe_turn,5.3354,1.8189,,,,,0.0,False,False,False,False,False,False,False,no,True,False,phone,no,,normal,dynamic
17,a,t1,hit,collision,response_stop,4.8981,1.6698,,,3.6383,7.1796,0.3019,False,False,True,False,True,False,True,both,True,False,phone,both,waited after f till over,normal,dynamic
17,a,t2,hit,collision,response_stop,5.9467,2.0273,,,5.1711,8.8103,0.0,False,False,True,False,True,False,True,both,True,False,phone,both,does not notice ambient and waited after f till over and took 2 steps aber VHA,normal,dynamic
17,a,t3,hit,collision,response_stop,6.7522,2.3019,,,6.5669,10.2669,0.0,False,False,True,False,True,False,True,both,True,False,phone,both,took 2 steps back after each alarm,normal,dynamic
17,a,t4,hit,collision,response_stop,5.6739,1.9343,,,4.6836,8.4062,0.0,False,False,True,False,True,False,True,both,True,False,phone,both,waited after f till over,normal,dynamic
17,a,t5,hit,collision,response_stop,5.0697,1.7283,,,10.2895,13.7144,0.1303,False,False,True,False,True,False,True,both,True,False,phone,both,wanted to continue after not seeing car after f,normal,dynamic
17,b,c1,stop,safe_stop,safe_stop,4.3355,1.478,,,,,0.8645,False,False,False,False,False,True,False,no,True,False,phone,no,,normal,dynamic
17,b,c2,stop,safe_stop,safe_stop,5.07,1.7284,,,,,0.1303,False,False,False,False,False,True,False,no,True,False,phone,no,looked up once before catch visible,normal,dynamic
17,b,s1,safe,safe_turn,safe_turn,4.847,1.6524,,,,,0.353,False,False,False,False,False,False,False,no,True,True,both,no,looked up midway and picked up speed when saw car,normal,dynamic
17,b,s2,safe,safe_turn,safe_turn,4.4531,1.5181,,,,,0.7469,False,False,False,False,False,False,False,no,True,False,phone,no,,normal,dynamic
17,b,t1,hit,collision,response_continue_walk,4.8614,1.6573,,,,7.994,0.3385,False,False,False,False,False,False,False,no,True,True,both,vha,redid (timing error -> alarm too late),normal,dynamic
17,b,t2,hit,collision,response_continue_walk,4.6329,1.5794,,,,7.2849,0.5672,False,False,False,False,False,False,False,no,True,False,phone,vha,redid twice (timing error -> alarm too late & waited for ambient once and didn't see once) + waited for ambient,normal,dynamic
17,b,t3,hit,collision,response_run,4.525,1.5426,,,,7.5917,0.6752,False,False,False,False,True,False,False,no,True,False,phone,vha,started fast and slowed down,normal,dynamic
17,b,t4,hit,collision,response_run,4.6138,1.5729,,,,7.459,0.5863,False,False,False,False,True,False,False,no,True,False,phone,vha,,normal,dynamic
17,b,t5,hit,collision,response_continue_walk,4.6344,1.5799,,,,7.895,0.5656,False,False,False,False,False,False,False,no,True,False,phone,vha,redid (timing error -> walked too fast) a bit late but still before danger zone,normal,dynamic
18,a,c1,stop,safe_stop,safe_stop,4.0492,1.3804,,,4.3589,,1.1507,False,False,False,False,False,True,True,f,True,False,phone,f,took 2 steps back after f & did not see catch,fast,constant
18,a,c2,stop,safe_stop,safe_stop,3.9641,1.3514,,,3.5079,,1.236,False,False,False,False,False,True,True,f,True,False,phone,f,went 2 steps back & looked up saw catch (before turn) and continued walking,fast,constant
18,a,s1,safe,safe_turn,safe_turn,3.8535,1.3137,,,,,1.3467,False,False,False,False,False,False,False,no,True,False,phone,no,,fast,constant
18,a,s2,safe,safe_turn,safe_turn,3.5775,1.2196,,,,,1.6223,False,False,False,False,False,False,False,no,True,False,phone,no,,fast,constant
18,a,t1,hit,collision,response_stop,3.8881,1.3255,,,3.7299,7.2569,1.3119,False,False,True,False,True,False,True,both,True,False,phone,f,took 2 steps after f and then continued walking till VHA,fast,constant
18,a,t2,hit,collision,response_stop,4.5666,1.5568,,,3.3984,6.8353,0.6334,False,False,True,False,True,False,True,both,True,False,phone,vha,stopped for f until over and looked at traffic for VHA,fast,constant
18,a,t3,hit,collision,response_stop,3.1249,1.0653,,,3.3168,6.6404,2.075,False,False,True,False,True,False,True,both,True,False,phone,no,f waited till over,fast,constant
18,a,t4,hit,collision,response_stop,3.5672,1.2161,,,2.8174,6.1454,1.6329,False,False,True,False,True,False,True,both,True,False,phone,no,stopped midway and waited till over,fast,constant
18,a,t5,hit,collision,response_stop,4.0952,1.3961,,,3.5426,6.912,1.1049,False,False,True,False,True,False,True,both,True,False,phone,vha,f waited till over & looked up at traffic at VHA,fast,constant
18,b,c1,stop,safe_stop,safe_stop,4.1307,1.4082,,,,,1.0695,False,False,False,False,False,True,False,no,True,False,phone,no,did not look up,fast,constant
18,b,c2,stop,safe_stop,safe_stop,4.4569,1.5194,,,,,0.7432,False,False,False,False,False,True,False,no,True,False,phone,no,did not look up,fast,constant
18,b,s1,safe,safe_turn,safe_turn,3.4948,1.1914,,,,,1.7053,False,False,False,False,False,False,False,no,True,False,phone,no,did not look up,fast,constant
18,b,s2,safe,safe_turn,safe_turn,3.481,1.1867,,,,,1.719,False,False,False,False,False,False,False,no,True,False,phone,no,did not look up,fast,constant
18,b,t1,hit,collision,response_stop,3.5658,1.2156,,,,12.3335,1.6342,False,False,True,False,True,False,True,vha,True,False,phone,vha,looked around confused,fast,constant
18,b,t2,hit,collision,response_stop,3.9867,1.3591,,,,6.0046,1.2134,False,False,True,False,True,False,True,vha,True,False,phone,no,did not see ambient,fast,constant
18,b,t3,hit,collision,response_stop,4.9301,1.6807,,,,6.2661,0.27,False,False,True,False,True,False,True,vha,True,False,phone,vha,looked up to the front and not at the traffic,fast,constant
18,b,t4,hit,collision,response_stop,4.124,1.4059,,,,5.8487,1.0759,False,False,True,False,True,False,True,vha,True,False,phone,vha,looked up to the left and front but not the traffic,fast,constant
18,b,t5,hit,collision,response_stop,4.6746,1.5936,,,,7.1259,0.5253,False,False,True,False,True,False,True,vha,True,False,phone,no,,fast,constant
19,a,c1,stop,safe_stop,safe_stop,5.0456,1.7201,,,40.5244,,0.1543,False,False,False,False,False,True,False,no,True,False,phone,f,sees car and hurries to other side,slow,dynamic
19,a,c2,stop,safe_stop,safe_stop,5.4554,1.8598,,,15.8533,,0.0,False,False,False,False,False,True,False,no,True,False,phone,f,goes back to start,slow,dynamic
19,a,s1,safe,safe_turn,safe_turn,5.5722,1.8996,,,,,0.0,False,False,False,False,False,False,False,no,True,False,phone,no,did not see ambient and glanced up midway,slow,dynamic
19,a,s2,safe,safe_turn,safe_turn,4.3076,1.4685,,,,,0.8925,False,False,False,False,False,False,False,no,True,False,phone,no,glances to traffic,slow,dynamic
19,a,t1,hit,collision,response_run_back,5.578,1.9016,,,17.1679,19.8793,0.0,False,False,False,False,True,False,True,both,True,False,phone,both,went backwards after VHA,slow,dynamic
19,a,t2,hit,collision,response_run_back,5.4179,1.847,,,13.0242,15.7634,0.0,False,False,False,False,True,False,False,no,True,False,phone,both,walks back after f,slow,dynamic
19,a,t3,hit,collision,response_run,5.182,1.7666,,,23.4128,26.1052,0.0179,False,False,False,False,True,False,False,no,True,False,phone,both,speeds up after f and VHA in danger zone,slow,dynamic
19,a,t4,hit,collision,response_run,8.9467,3.05,,,15.1341,17.8878,0.0,False,False,False,False,True,False,False,no,True,False,phone,f,"after f when saw car hurried along, VHA already in goal",slow,dynamic
19,a,t5,hit,collision,response_run,5.0365,1.717,,,10.7394,13.5259,0.1636,False,False,False,False,True,False,False,no,True,False,phone,f,speeds up a bit after f and VHA at goal,slow,dynamic
19,b,c1,stop,safe_stop,safe_stop,4.2434,1.4466,,,,,0.9566,False,False,False,False,False,True,False,no,True,False,phone,no,did not see catch,slow,dynamic
19,b,c2,stop,safe_stop,safe_stop,4.1706,1.4218,,,,,1.0292,False,False,False,False,False,True,False,no,True,False,phone,no,did not see catch,slow,dynamic
19,b,s1,safe,safe_turn,safe_turn,3.4654,1.1814,,,,,1.7345,False,False,False,False,False,False,False,no,True,False,phone,no,did not look up after started walking,slow,dynamic
19,b,s2,safe,safe_turn,safe_turn,5.9203,2.0183,,,,,0.0,False,False,False,False,False,False,False,no,True,False,phone,no,only looked up in the beginnning,slow,dynamic
19,b,t1,hit,collision,response_run,4.5467,1.55,,,,12.8679,0.6534,False,False,False,False,True,False,False,no,True,False,phone,vha,but also looked up before alarm and then speed up,slow,dynamic
19,b,t2,hit,collision,collision,6.4777,2.2083,,,,26.987,0.0,False,True,False,False,False,False,False,no,True,False,phone,vha,got a bit faster midway,slow,dynamic
19,b,t3,hit,collision,response_run,4.8071,1.6388,,,,13.4854,0.3929,False,False,False,False,True,False,False,no,True,False,phone,vha,sees ambient and stopped for a moment and speeds up after VHA,slow,dynamic
19,b,t4,hit,collision,response_run,5.5472,1.8911,,,,13.0004,0.0,False,False,False,False,True,False,False,no,True,False,phone,vha,speeds up after VHA (fast walking),slow,dynamic
19,b,t5,hit,collision,collision,5.2941,1.8048,,,,12.2434,0.0,False,True,False,False,False,False,False,no,True,False,phone,vha,sees car and continues walking,slow,dynamic
2,a,c1,stop,safe_stop,safe_stop,4.454,1.5184,,,5.6499,,0.7459,False,False,False,False,False,True,False,no,True,False,phone,f,,slow,dynamic
2,a,c2,stop,safe_stop,safe_stop,4.8347,1.6482,,,7.7258,,0.3653,False,False,False,False,False,True,False,no,True,False,phone,f,,slow,dynamic
2,a,s1,safe,safe_turn,safe_turn,5.5692,1.8986,,,,,0.0,False,False,False,False,False,False,False,no,True,False,phone,no,really looks at the scenario before crossing A,slow,dynamic
2,a,s2,safe,safe_turn,safe_turn,4.2466,1.4477,,,,,0.9535,False,False,False,False,False,False,False,no,True,False,phone,no,only looked up once,slow,dynamic
2,a,t1,hit,collision,response_run,4.6259,1.577,,,7.9202,11.5638,0.5742,False,False,False,False,True,False,False,no,True,False,phone,both,hurried to other side after VHA,slow,dynamic
2,a,t2,hit,collision,response_stop,3.2575,1.1105,,,8.8531,12.3418,1.9425,False,False,True,False,True,False,True,vha,True,False,phone,both,slowed down for f,slow,dynamic
2,a,t3,hit,collision,response_stop,4.774,1.6275,,,10.13,13.5864,0.4259,False,False,True,False,True,False,True,vha,True,False,phone,both,slowed down for f,slow,dynamic
2,a,t4,hit,collision,response_run,2.4963,0.851,,,8.8833,12.5914,2.7038,False,False,False,False,True,False,False,no,True,False,phone,both,waited for ambient before crossing A and hurried over the street when VHA,slow,dynamic
2,a,t5,hit,collision,not_in_time,4.6922,1.5996,,,7.8642,11.4699,0.5079,False,False,False,True,True,False,False,no,True,False,phone,both,walked generally faster -> timing error,slow,dynamic
2,b,c1,stop,safe_stop,safe_stop,4.0674,1.3866,,,,,1.1327,False,False,False,False,False,True,False,no,True,False,phone,no,faster than car and no knowledge of car,slow,dynamic
2,b,c2,stop,safe_stop,safe_stop,3.1759,1.0827,,,,,2.0242,False,False,False,False,False,True,False,no,True,False,phone,no,looks up without alarm,slow,dynamic
2,b,s1,safe,safe_turn,safe_turn,3.8421,1.3098,,,,,1.3578,False,False,False,False,False,False,False,no,True,False,phone,no,looks at screen when in danger zone without alarm,slow,dynamic
2,b,s2,safe,safe_turn,safe_turn,2.9322,0.9996,,,,,2.2679,False,False,False,False,False,False,False,no,True,False,phone,no,looks at screen when in danger zone without alarm,slow,dynamic
2,b,t1,hit,response_stop,response_stop,4.2988,1.4655,9.4311,4.5064,,8.393,0.9015,True,False,True,False,True,False,True,vha,True,False,phone,vha,,slow,dynamic
2,b,t2,hit,collision,response_stop,4.5643,1.556,,,,17.9795,0.636,False,False,True,False,True,False,True,vha,True,False,phone,no,looks up before alarm,slow,dynamic
2,b,t3,hit,response_stop,response_stop,3.7811,1.289,25.8312,6.575,,22.6624,1.4187,True,False,True,False,True,False,True,vha,True,False,phone,vha,,slow,dynamic
2,b,t4,hit,collision,response_stop,6.4877,2.2117,,,,9.1281,0.0,False,False,True,False,True,False,True,vha,True,False,phone,vha,waits for ambient after B,slow,dynamic
2,b,t5,hit,collision,response_stop,3.5376,1.206,,,,13.7791,1.6625,False,False,True,False,True,False,True,vha,True,False,phone,vha,,slow,dynamic
20,a,c1,stop,safe_stop,safe_stop,9.3523,3.1883,,,13.3283,,0.0,False,False,False,False,False,True,False,no,True,False,phone,f,redid (did not cross B; too late); f in danger zone,slow,dynamic
20,a,c2,stop,safe_stop,safe_stop,6.4915,2.213,,,7.9033,,0.0,False,False,False,False,False,True,False,no,True,True,both,f,sped up when saw f,slow,dynamic
20,a,s1,safe,safe_turn,safe_turn,3.2868,1.1205,,,,,1.9133,False,False,False,False,False,False,False,no,True,False,phone,no,waited for ambient to cross & glanced up once midway,slow,dynamic
20,a,t1,hit,collision,response_run,7.4988,2.5564,,,13.9666,16.6105,0.0,False,False,False,False,True,False,False,no,True,False,phone,vha,redid (performance issues); ran after VHA,slow,dynamic
20,a,t2,hit,collision,response_run,5.8728,2.0021,,,7.5235,11.566,0.0,False,False,False,False,True,False,False,no,True,True,both,both,f no car visible looked around confused,slow,dynamic
20,a,t3,hit,collision,response_run,4.3733,1.4909,,,9.134,12.582,0.8265,False,False,False,False,True,False,False,no,True,True,both,both,"said ""AHA that is the difference""""""""""""""""""""""""""""""""""""""""""""""""""""""""""""""""""""""""""""""""""""""""""""""""""""""""""""""""""""""""""""""",slow,dynamic
20,a,t4,hit,collision,response_run,5.0189,1.711,,,7.5799,11.6749,0.1811,False,False,False,False,True,False,False,no,True,False,phone,both,f sped up & VHA at goal,slow,dynamic
20,a,t5,hit,collision,response_run,9.0473,3.0843,,,10.1522,12.8682,0.0,False,False,False,False,True,False,False,no,True,True,both,both,redid (timing error); f and hurried & VHA in danger zone,slow,dynamic
20,b,c1,stop,safe_stop,safe_stop,5.334,1.8184,,,,,0.0,False,False,False,False,False,True,False,no,True,False,phone,no,texted,slow,dynamic
20,b,c2,stop,safe_stop,safe_stop,6.7006,2.2843,,,,,0.0,False,False,False,False,False,True,False,no,True,False,phone,no,waited at B again and wanted to go but saw catch and stopp and waited till over,slow,dynamic
20,b,s1,safe,safe_turn,safe_turn,5.4223,1.8485,,,,,0.0,False,False,False,False,False,False,False,no,False,True,traffic,no,wanted to walk but stopped at B after seeing trigger and stopped till scenario over,slow,dynamic
20,b,s2,safe,safe_turn,safe_turn,6.0248,2.0539,,,,,0.0,False,False,False,False,False,False,False,no,True,False,phone,no,texted this time,slow,dynamic
20,b,t1,hit,collision,collision,6.8399,2.3318,,,,10.1529,0.0,False,True,False,False,False,False,False,no,True,False,phone,vha,redid (timing error); jumped/run into car,slow,dynamic
20,b,t2,hit,collision,response_run,2.1739,0.7411,,,,8.6034,3.0261,False,False,False,False,True,False,False,no,False,True,traffic,vha,was speaking and saw car before VHA and jumped the last 2 steps,slow,dynamic
20,b,t3,hit,collision,response_stop,6.6815,2.2778,,,,20.8797,0.0,False,False,True,False,True,False,True,vha,True,True,both,vha,used text too speech,slow,dynamic
20,b,t4,hit,collision,response_stop,4.0298,1.3738,,,,7.3884,1.1703,False,False,True,False,True,False,True,vha,True,True,both,vha,stopped at B and saw ambient and wanted to walk again then VHA,slow,dynamic
20,b,t5,hit,collision,response_run,5.9608,2.0321,,,,10.7191,0.0,False,False,False,False,True,False,False,no,False,False,neither,vha,"redid (timing error); talked and saw car beforehand and speeds up and continued walking after alarm; ""Junge Alter"""""""""""""""""""""""""""""""""""""""""""""""""""""""""""""""" to the car (a bit aggressivlly)""""""""""""""""""""""""""""""""""""""""""""""""""""""""""""""",slow,dynamic
21,a,c1,stop,safe_stop,safe_stop,5.7221,1.9507,,,5.7263,,0.0,False,False,False,False,False,True,True,f,True,False,phone,f,f saw car and afterwards continues walking till scenario over,slow,constant
21,a,c2,stop,safe_stop,safe_stop,5.4328,1.8521,,,4.3009,,0.0,False,False,False,False,False,True,True,f,True,False,phone,f,takes one more step after f and sees turned catch,slow,constant
21,a,s1,safe,safe_turn,safe_turn,5.7144,1.9481,,,,,0.0,False,False,False,False,False,False,False,no,True,False,phone,no,scenario stopped too early,slow,constant
21,a,s2,safe,safe_turn,safe_turn,5.1662,1.7612,,,,,0.0338,False,False,False,False,False,False,False,no,True,False,phone,no,,slow,constant
21,a,t1,hit,collision,response_stop,7.3556,2.5076,,,21.3007,23.9945,0.0,False,False,True,False,True,False,True,both,True,False,phone,both,f sees car and continues looking and stopping till over,slow,constant
21,a,t2,hit,collision,response_stop,5.407,1.8433,,,4.815,7.57,0.0,False,False,True,False,True,False,True,vha,True,False,phone,vha,did not notice ambient,slow,constant
21,a,t3,hit,collision,response_stop,6.0676,2.0685,,,5.5672,8.2638,0.0,False,False,True,False,True,False,True,both,True,False,phone,both,f till over,slow,constant
21,a,t4,hit,collision,response_stop,5.8561,1.9964,,,5.1042,7.8457,0.0,False,False,True,False,True,False,True,both,True,False,phone,vha,continued stop after f,slow,constant
21,a,t5,hit,collision,response_stop,6.055,2.0642,,,6.0371,8.7939,0.0,False,False,True,False,True,False,True,both,True,False,phone,both,f till over,slow,constant
21,b,c1,stop,safe_stop,safe_stop,5.2298,1.7829,,,,,0.0,False,False,False,False,False,True,False,no,True,False,phone,no,saw catch while going back,slow,constant
21,b,c2,stop,safe_stop,safe_stop,5.9687,2.0348,,,,,0.0,False,False,False,False,False,True,False,no,True,False,phone,no,,slow,constant
21,b,s1,safe,safe_turn,safe_turn,0.645,0.2199,,,,,4.5549,False,False,False,False,False,False,False,no,True,False,phone,no,did not see ambient,slow,constant
21,b,s2,safe,safe_turn,safe_turn,5.2161,1.7782,,,,,0.0,False,False,False,False,False,False,False,no,True,False,phone,no,,slow,constant
21,b,t1,hit,collision,response_stop,5.4393,1.8543,,,,6.7711,0.0,False,False,True,False,True,False,True,vha,True,False,phone,vha,slowly looked up,slow,constant
21,b,t2,hit,collision,response_stop,5.3278,1.8163,,,,6.6785,0.0,False,False,True,False,True,False,True,vha,True,False,phone,no,,slow,constant
21,b,t3,hit,collision,response_stop,5.8684,2.0006,,,,7.3162,0.0,False,False,True,False,True,False,True,vha,True,False,phone,vha,slowly looked up,slow,constant
21,b,t4,hit,collision,response_stop,4.4361,1.5123,,,,6.0122,0.7639,False,False,True,False,True,False,True,vha,True,False,phone,vha,walked a bit faster,slow,constant
21,b,t5,hit,collision,response_stop,4.4513,1.5175,,,,7.4322,0.7486,False,False,True,False,True,False,True,vha,True,False,phone,vha,stops after 2 more steps after VHA; slowly looks up,slow,constant
22,a,c1,stop,safe_stop,safe_stop,3.8107,1.2991,,,2.6466,,1.3892,False,False,False,False,False,True,True,f,True,False,phone,f,f slowed down before stopping then saw car then took 2 more steps,normal,constant
22,a,c2,stop,safe_stop,safe_stop,5.0606,1.7252,,,3.0204,,0.1394,False,False,False,False,False,True,False,no,True,False,phone,f,glanced back and forth while slowing down but not stopping,normal,constant
22,a,s1,safe,safe_turn,safe_turn,3.6878,1.2572,,,,,1.5122,False,False,False,False,False,False,False,no,True,False,phone,no,did not see ambient or look up,normal,constant
22,a,s2,safe,safe_turn,safe_turn,3.9183,1.3358,,,,,1.2816,False,False,False,False,False,False,False,no,True,False,phone,no,,normal,constant
22,a,t1,hit,collision,response_stop,4.2222,1.4394,,,2.943,5.636,0.9778,False,False,True,False,True,False,True,both,True,False,phone,both,f till over,normal,constant
22,a,t2,hit,collision,response_stop,4.5159,1.5395,,,2.861,5.5377,0.6842,False,False,True,False,True,False,True,vha,True,False,phone,both,did not see ambient at start,normal,constant
22,a,t3,hit,collision,response_stop,4.2533,1.45,,,3.2756,5.9539,0.9466,False,False,True,False,True,False,True,vha,True,False,phone,both,glanced back and forth and slowed down between f and VHA,normal,constant
22,a,t4,hit,collision,response_stop,3.4942,1.1912,,,2.5286,5.2583,1.7057,False,False,True,False,True,False,True,vha,True,False,phone,both,f continues looking up and walking till VHA,normal,constant
22,a,t5,hit,collision,response_stop,4.5335,1.5455,,,2.8531,5.6562,0.6665,False,False,True,False,True,False,True,vha,True,False,phone,both,glanced between both after f till VHA,normal,constant
22,b,c1,stop,safe_stop,safe_stop,4.0386,1.3768,,,,,1.1614,False,False,False,False,False,True,False,no,True,False,phone,no,saw catch at goal,normal,constant
22,b,c2,stop,safe_stop,safe_stop,4.0946,1.3959,,,,,1.1054,False,False,False,False,False,True,False,no,True,False,phone,no,does not look up and saw catch at goal,normal,constant
22,b,s1,safe,safe_turn,safe_turn,4.8975,1.6696,,,,,0.3024,False,False,False,False,False,False,False,no,True,False,phone,no,,normal,constant
22,b,s2,safe,safe_turn,safe_turn,3.4672,1.182,,,,,1.7327,False,False,False,False,False,False,False,no,True,False,phone,no,,normal,constant
22,b,t1,hit,collision,response_stop,3.8787,1.3223,,,,5.6719,1.3212,False,False,True,False,True,False,True,vha,True,False,phone,vha,,normal,constant
22,b,t2,hit,collision,response_stop,3.6048,1.2289,,,,5.2905,1.5952,False,False,True,False,True,False,True,vha,True,False,phone,vha,,normal,constant
22,b,t3,hit,collision,response_stop,3.7913,1.2925,,,,5.7095,1.4087,False,False,True,False,True,False,True,vha,True,False,phone,vha,looked at traffic this time,normal,constant
22,b,t4,hit,collision,response_stop,3.7614,1.2823,,,,5.6287,1.4386,False,False,True,False,True,False,True,vha,True,False,phone,vha,,normal,constant
22,b,t5,hit,collision,response_stop,5.3381,1.8198,,,,11.1438,0.0,False,False,True,False,True,False,True,vha,True,False,phone,vha,looked to the front instead of the traffic,normal,constant
23,a,c1,stop,safe_stop,safe_stop,5.1987,1.7723,,,3.5974,,0.0014,False,False,False,False,False,True,False,no,True,False,phone,f,glanced up once,normal,constant
23,a,c2,stop,safe_stop,safe_stop,4.9242,1.6787,,,3.3167,,0.2755,False,False,False,False,False,True,False,no,True,False,phone,no,looked up in danger zone and saw catch,normal,constant
23,a,s1,safe,safe_turn,safe_turn,4.737,1.6149,,,,,0.4632,False,False,False,False,False,False,False,no,True,False,phone,no,,normal,constant
23,a,s2,safe,safe_turn,safe_turn,5.1316,1.7494,,,,,0.0686,False,False,False,False,False,False,False,no,True,False,phone,no,,normal,constant
23,a,t1,hit,collision,collision,6.3507,2.165,,,15.0047,17.628,0.0,False,True,False,False,False,False,False,no,True,False,phone,vha,continued walking while seeing car,normal,constant
23,a,t2,hit,collision,collision,4.5393,1.5475,,,3.2886,5.9254,0.6607,False,True,False,False,False,False,False,no,True,False,phone,both,continued walking,normal,constant
23,a,t3,hit,collision,collision,4.8778,1.6629,,,3.1457,5.7569,0.3221,False,True,False,False,False,False,False,no,True,False,phone,both,continued walking/near collision,normal,constant
23,a,t4,hit,collision,collision,4.7881,1.6323,,,3.2959,5.945,0.4119,False,True,False,False,False,False,False,no,True,False,phone,vha,continued walking,normal,constant
23,a,t5,hit,collision,collision,4.6397,1.5817,,,3.2318,5.9612,0.5604,False,True,False,False,False,False,False,no,True,False,phone,both,continued walking,normal,constant
23,b,c1,stop,safe_stop,safe_stop,4.0172,1.3695,,,,,1.1827,False,False,False,False,False,True,False,no,True,False,phone,no,,normal,constant
23,b,c2,stop,safe_stop,safe_stop,2.7588,0.9405,,,,,2.4415,False,False,False,False,False,True,False,no,True,False,phone,no,did not look up,normal,constant
23,b,s1,safe,safe_turn,safe_turn,4.7491,1.619,,,,,0.4508,False,False,False,False,False,False,False,no,True,False,phone,no,,normal,constant
23,b,s2,safe,safe_turn,safe_turn,4.0747,1.3891,,,,,1.1252,False,False,False,False,False,False,False,no,True,False,phone,no,,normal,constant
23,b,t1,hit,collision,collision,5.0629,1.726,,,,6.4986,0.137,False,True,False,False,False,False,False,no,True,False,phone,vha,,normal,constant
23,b,t2,hit,collision,collision,4.0292,1.3736,,,,5.9716,1.1709,False,True,False,False,False,False,False,no,True,False,phone,vha,did not see ambient,normal,constant
23,b,t3,hit,collision,collision,3.9398,1.3431,,,,5.7851,1.2603,False,True,False,False,False,False,False,no,True,False,phone,vha,,normal,constant
23,b,t4,hit,collision,collision,4.6936,1.6001,,,,5.792,0.5065,False,True,False,False,False,False,False,no,True,False,phone,vha,glanced up,normal,constant
23,b,t5,hit,collision,collision,4.906,1.6725,,,,5.728,0.2942,False,True,False,False,False,False,False,no,True,False,phone,vha,,normal,constant
24,a,c1,stop,safe_stop,safe_stop,5.8435,1.9921,,,4.838,,0.0,False,False,False,False,False,True,True,f,True,False,phone,f,short confusion because catch not visible yet but continued till over,slow,constant
24,a,c2,stop,safe_stop,safe_stop,6.2794,2.1407,,,14.2653,,0.0,False,False,False,False,False,True,False,no,True,False,phone,f,stopped after saw car,slow,constant
24,a,s1,safe,safe_turn,safe_turn,6.4815,2.2096,,,,,0.0,False,False,False,False,False,False,False,no,True,False,phone,no,did not look up,slow,constant
24,a,s2,safe,safe_turn,safe_turn,5.9957,2.044,,,,,0.0,False,False,False,False,False,False,False,no,True,False,phone,no,did not look up,slow,constant
24,a,t1,hit,collision,response_stop,6.5927,2.2475,,,8.5647,11.2607,0.0,False,False,True,False,True,False,True,vha,True,False,phone,vha,no reaction to f and looked shocked at VHA,slow,constant
24,a,t2,hit,collision,response_stop,7.2964,2.4874,,,7.1205,9.7605,0.0,False,False,True,False,True,False,True,both,True,False,phone,both,f until over (waited for trigger to be visible),slow,constant
24,a,t3,hit,collision,response_stop,7.5266,2.5659,,,8.9063,11.5568,0.0,False,False,True,False,True,False,True,both,True,False,phone,both,f until over,slow,constant
24,a,t4,hit,collision,response_stop,7.9429,2.7078,,,7.6339,10.413,0.0,False,False,True,False,True,False,True,both,True,False,phone,both,f until over,slow,constant
24,a,t5,hit,collision,response_stop,5.4583,1.8608,,,8.6811,11.4164,0.0,False,False,True,False,True,False,True,both,True,False,phone,both,f until over,slow,constant
24,b,c1,stop,safe_stop,safe_stop,7.5181,2.563,,,,,0.0,False,False,False,False,False,True,False,no,True,False,phone,no,did not look up,slow,constant
24,b,c2,stop,safe_stop,safe_stop,6.7886,2.3143,,,,,0.0,False,False,False,False,False,True,False,no,True,False,phone,no,did not look up (sees catch only after trial),slow,constant
24,b,s1,safe,safe_turn,safe_turn,7.297,2.4876,,,,,0.0,False,False,False,False,False,False,False,no,True,False,phone,no,did not look up or see ambient,slow,constant
24,b,s2,safe,safe_turn,safe_turn,6.2509,2.131,,,,,0.0,False,False,False,False,False,False,False,no,True,False,phone,no,did not look up,slow,constant
24,b,t1,hit,collision,response_stop,7.9845,2.722,,,,14.2779,0.0,False,False,True,False,True,False,True,vha,True,False,phone,vha,,slow,constant
24,b,t2,hit,collision,response_stop,6.3213,2.155,,,,47.5704,0.0,False,False,True,False,True,False,False,no,True,False,phone,vha,looked to the front and then to the right & when saw car then stopped,slow,constant
24,b,t3,hit,collision,response_stop,7.2773,2.4809,,,,12.2087,0.0,False,False,True,False,True,False,True,vha,True,False,phone,vha,,slow,constant
24,b,t4,hit,collision,response_stop,7.5903,2.5876,,,,12.0052,0.0,False,False,True,False,True,False,True,vha,True,False,phone,vha,,slow,constant
24,b,t5,hit,collision,response_stop,6.7848,2.313,,,,9.5315,0.0,False,False,True,False,True,False,True,vha,True,False,phone,vha,(smiles a little into the phone when going back to start),slow,constant
25,a,c1,stop,safe_stop,safe_stop,4.6212,1.5754,,,3.4743,,0.5787,False,False,False,False,False,True,False,no,True,False,phone,no,no reaction for f,normal,constant
25,a,c2,stop,safe_stop,safe_stop,4.5188,1.5405,,,4.0112,,0.6813,False,False,False,False,False,True,False,no,True,False,phone,f,glanced up at f (not sure if saw car),normal,constant
25,a,s1,safe,safe_turn,safe_turn,5.5959,1.9077,,,,,0.0,False,False,False,False,False,False,False,no,True,False,phone,no,did not look up (only afterwards),normal,constant
25,a,s2,safe,safe_turn,safe_turn,5.006,1.7066,,,,,0.1941,False,False,False,False,False,False,False,no,True,False,phone,no,did not look up,normal,constant
25,a,t1,hit,collision,collision,6.2377,2.1265,,,5.4422,8.2179,0.0,False,True,False,False,False,False,False,no,True,False,phone,both,glanced up at f,normal,constant
25,a,t2,hit,collision,collision,5.4971,1.874,,,4.9533,7.7281,0.0,False,True,False,False,False,False,False,no,True,False,phone,both,glanced up at f,normal,constant
25,a,t3,hit,collision,response_stop,5.5053,1.8768,,,5.0183,7.7091,0.0,False,False,True,False,True,False,True,vha,True,False,phone,both,,normal,constant
25,a,t4,hit,collision,collision,6.9646,2.3743,,,9.4151,12.0932,0.0,False,True,False,False,False,False,False,no,True,False,phone,both,f looked confused,normal,constant
25,a,t5,hit,collision,response_stop,4.6716,1.5926,,,4.2313,6.9918,0.5285,False,False,True,False,True,False,True,vha,True,False,phone,vha,no reaction for f,normal,constant
25,b,c1,stop,safe_stop,safe_stop,6.3489,2.1644,,,,,0.0,False,False,False,False,False,True,False,no,True,False,phone,no,did not look up,normal,constant
25,b,c2,stop,safe_stop,safe_stop,6.0254,2.0541,,,,,0.0,False,False,False,False,False,True,False,no,True,False,phone,no,glanced up once midway,normal,constant
25,b,s1,safe,safe_turn,safe_turn,5.5161,1.8805,,,,,0.0,False,False,False,False,False,False,False,no,True,False,phone,no,waited for ambient else did not look,normal,constant
25,b,s2,safe,safe_turn,safe_turn,5.6003,1.9092,,,,,0.0,False,False,False,False,False,False,False,no,True,False,phone,no,did not look up,normal,constant
25,b,t1,hit,collision,response_stop,4.8849,1.6653,,,,6.864,0.3151,False,False,True,False,True,False,True,vha,True,False,phone,vha,,normal,constant
25,b,t2,hit,collision,response_stop,5.2797,1.7999,,,,6.8255,0.0,False,False,True,False,True,False,False,no,True,False,phone,vha,never fully stopped but slowed down till scenario over,normal,constant
25,b,t3,hit,collision,response_run,5.0134,1.7091,,,,6.8783,0.1865,False,False,False,False,True,False,False,no,True,False,phone,vha,redid (timing error -> walked faster and VHA in danger zone),normal,constant
25,b,t4,hit,collision,collision,5.3853,1.8359,,,,7.1435,0.0,False,True,False,False,False,False,False,no,True,False,phone,vha,(close call with collision and evasion),normal,constant
25,b,t5,hit,collision,collision,5.7385,1.9563,,,,7.486,0.0,False,True,False,False,False,False,True,vha,True,False,phone,vha,after stopping continued walking,normal,constant
26,a,c1,stop,safe_stop,safe_stop,4.3355,1.478,,,3.3025,,0.8647,False,False,False,False,False,True,False,no,True,False,phone,f,no car visible yet and continued walking,fast,dynamic
26,a,c2,stop,safe_stop,safe_stop,4.1357,1.4099,,,5.3929,,1.0643,False,False,False,False,False,True,False,no,True,False,phone,no,no reaction to alarm and just continued walking,fast,dynamic
26,a,s1,safe,safe_turn,safe_turn,3.6699,1.2511,,,,,1.53,False,False,False,False,False,False,False,no,True,False,phone,no,did not look up,fast,dynamic
26,a,s2,safe,safe_turn,safe_turn,4.2202,1.4387,,,,,0.9797,False,False,False,False,False,False,False,no,True,False,phone,no,did not look up,fast,dynamic
26,a,t1,hit,collision,response_stop,5.4915,1.8721,,,4.9651,7.9642,0.0,False,False,True,False,True,False,True,both,True,False,phone,both,f till over,fast,dynamic
26,a,t2,hit,collision,collision,4.0107,1.3673,,,4.5703,8.0606,1.1891,False,True,False,False,False,False,False,no,True,False,phone,vha,no reaction to f & looks up VHA but continues walking and close call collision,fast,dynamic
26,a,t3,hit,collision,collision,3.8113,1.2993,,,5.9234,9.0123,1.3887,False,True,False,False,False,False,False,no,True,False,phone,both,continued walking after saw car,fast,dynamic
26,a,t4,hit,collision,collision,4.0383,1.3767,,,4.6177,7.6531,1.1616,False,True,False,False,False,False,False,no,True,False,phone,both,f continues looking up till over; close call for collision,fast,dynamic
26,a,t5,hit,collision,response_stop,3.4238,1.1672,,,5.171,8.1498,1.7764,False,False,True,False,True,False,True,vha,True,False,phone,vha,no reaction to f,fast,dynamic
26,b,c1,stop,safe_stop,safe_stop,2.9747,1.0141,,,,,2.2255,False,False,False,False,False,True,False,no,True,False,phone,no,did not look up,fast,dynamic
26,b,c2,stop,safe_stop,safe_stop,4.4185,1.5063,,,,,0.7816,False,False,False,False,False,True,False,no,False,True,traffic,no,did not look down,fast,dynamic
26,b,s1,safe,safe_turn,safe_turn,6.3694,2.1714,,,,,0.0,False,False,False,False,False,False,False,no,True,False,phone,no,waits for ambient too long after A but timing error ok,fast,dynamic
26,b,s2,safe,safe_turn,safe_turn,4.0427,1.3782,,,,,1.1573,False,False,False,False,False,False,False,no,True,False,phone,no,glanced once to traffic,fast,dynamic
26,b,t1,hit,collision,collision,4.3431,1.4806,,,,16.3028,0.8569,False,True,False,False,False,False,False,no,True,True,both,no,looked up before alarm & sees car & continues walking,fast,dynamic
26,b,t2,hit,collision,collision,3.6203,1.2342,,,,5.3585,1.5797,False,True,False,False,False,False,True,vha,True,False,phone,vha,redid (timing error & looked at traffic the whole time),fast,dynamic
26,b,t3,hit,collision,response_stop,4.0451,1.379,,,,12.0075,1.1548,False,False,True,False,True,False,True,vha,True,False,phone,vha,waits for ambient at start,fast,dynamic
26,b,t4,hit,collision,response_run,3.3927,1.1566,,,,6.8037,1.8074,False,False,False,False,True,False,False,no,True,False,phone,vha,waits for ambient at start,fast,dynamic
26,b,t5,hit,collision,response_stop,3.1519,1.0745,,,,7.7929,2.048,False,False,True,False,True,False,True,vha,True,False,phone,vha,,fast,dynamic
27,a,c1,stop,safe_stop,safe_stop,3.5443,1.2083,,,3.0357,,1.6556,False,False,False,False,False,True,True,f,True,False,phone,f,turned a bit around after saw no car and continued looking at both afterwards,fast,dynamic
27,a,c2,stop,safe_stop,safe_stop,3.5637,1.2149,,,3.0376,,1.6363,False,False,False,False,False,True,False,no,True,False,phone,no,,fast,dynamic
27,a,s1,safe,safe_turn,safe_turn,3.7951,1.2938,,,,,1.405,False,False,False,False,False,False,False,no,True,False,phone,no,,fast,dynamic
27,a,s2,safe,safe_turn,safe_turn,3.9603,1.3501,,,,,1.2398,False,False,False,False,False,False,False,no,True,False,phone,no,,fast,dynamic
27,a,t1,hit,collision,response_run,3.894,1.3275,,,2.9261,5.7256,1.3058,False,False,False,False,True,False,False,no,True,False,phone,vha,sped up after VHA,fast,dynamic
27,a,t2,hit,collision,response_run,3.4534,1.1773,,,3.0713,5.7451,1.7465,False,False,False,False,True,False,False,no,True,False,phone,vha,f no reaction & sped up after VHA & did not see ambient at start,fast,dynamic
27,a,t3,hit,collision,response_stop,4.4798,1.5272,,,4.4419,7.1765,0.7201,False,False,True,False,True,False,True,both,True,False,phone,both,f glanced at left and continued till VHA then 2 steps back after saw car,fast,dynamic
27,a,t4,hit,collision,response_stop,4.0234,1.3716,,,2.9304,5.5973,1.1767,False,False,True,False,True,False,True,vha,True,False,phone,vha,no reaction f & jumped back after saw car when VHA,fast,dynamic
27,a,t5,hit,collision,response_run,3.2889,1.1212,,,2.8916,5.6053,1.9112,False,False,False,False,True,False,False,no,True,False,phone,vha,f no reaction & ran after VHA,fast,dynamic
27,b,c1,stop,safe_stop,safe_stop,2.7201,0.9273,,,,,2.4798,False,False,False,False,False,True,False,no,True,False,phone,no,,fast,dynamic
27,b,c2,stop,safe_stop,safe_stop,3.9547,1.3482,,,,,1.2452,False,False,False,False,False,True,False,no,True,False,phone,no,,fast,dynamic
27,b,s1,safe,safe_turn,safe_turn,2.804,0.9559,,,,,2.396,False,False,False,False,False,False,False,no,True,False,phone,no,,fast,dynamic
27,b,s2,safe,safe_turn,safe_turn,3.7573,1.2809,,,,,1.4426,False,False,False,False,False,False,False,no,True,False,phone,no,,fast,dynamic
27,b,t1,hit,collision,response_run,3.388,1.155,,,,5.6678,1.8122,False,False,False,False,True,False,False,no,True,False,phone,vha,sped up after VHA,fast,dynamic
27,b,t2,hit,collision,response_run,3.8277,1.3049,,,,5.7034,1.372,False,False,False,False,True,False,False,no,True,False,phone,vha,did not see ambient at start & sped up after VHA,fast,dynamic
27,b,t3,hit,collision,response_run,3.882,1.3234,,,,6.5967,1.318,False,False,False,False,True,False,False,no,True,False,phone,vha,sped up after VHA,fast,dynamic
27,b,t4,hit,collision,response_run,3.9843,1.3583,,,,5.4528,1.2157,False,False,False,False,True,False,False,no,True,False,phone,vha,sped up after VHA,fast,dynamic
27,b,t5,hit,collision,response_run,3.8356,1.3076,,,,5.4599,1.3644,False,False,False,False,True,False,True,vha,True,False,phone,vha,redid (slight timing error) sped up after VHA,fast,dynamic
28,a,c1,stop,safe_stop,safe_stop,5.9752,2.037,,,11.5939,,0.0,False,False,False,False,False,True,False,no,True,False,phone,f,f car not visible yet and looks again after 1 sec and sees car,normal,dynamic
28,a,c2,stop,safe_stop,safe_stop,3.5018,1.1938,,,8.7357,,1.6983,False,False,False,False,False,True,False,no,True,False,phone,f,"""car turned like magic""",normal,dynamic
28,a,s1,safe,safe_turn,safe_turn,3.7582,1.2812,,,,,1.442,False,False,False,False,False,False,False,no,True,False,phone,no,picking a fight with chat,normal,dynamic
28,a,s2,safe,safe_turn,safe_turn,4.9928,1.7021,,,,,0.2071,False,False,False,False,False,False,False,no,True,False,phone,no,annoyed at chat (wants to change rules),normal,dynamic
28,a,t1,hit,collision,collision,5.4264,1.8499,,,6.047,8.6949,0.0,False,True,False,False,False,False,False,no,True,False,phone,vha,f looks confused & continues walking after alarms,normal,dynamic
28,a,t2,hit,collision,collision,4.2278,1.4413,,,14.6684,17.2875,0.9722,False,True,False,False,False,False,False,no,True,False,phone,both,continues walking after alarms,normal,dynamic
28,a,t3,hit,collision,collision,4.9166,1.6761,,,4.2063,6.9393,0.2835,False,True,False,False,False,False,False,no,True,False,phone,both,strikes a ballerina pose after VHA,normal,dynamic
28,a,t4,hit,collision,collision,5.4815,1.8687,,,18.3325,21.0341,0.0,False,True,False,False,False,False,False,no,True,False,phone,both,looks annoyed after VHA,normal,dynamic
28,a,t5,hit,collision,collision,5.6009,1.9094,,,12.6934,15.3993,0.0,False,True,False,False,False,False,True,f,True,False,phone,both,continues walking after both alarms,normal,dynamic
28,b,c1,stop,safe_stop,safe_stop,5.4519,1.8586,,,,,0.0,False,False,False,False,False,True,False,no,False,False,neither,no,looks around room & no reaction that saw catch,normal,dynamic
28,b,c2,stop,safe_stop,safe_stop,4.955,1.6892,,,,,0.2451,False,False,False,False,False,True,False,no,True,True,both,no,saw catch and looked at it,normal,dynamic
28,b,s1,safe,safe_turn,safe_turn,4.8561,1.6555,,,,,0.344,False,False,False,False,False,False,False,no,True,True,both,no,looks up midway,normal,dynamic
28,b,s2,safe,safe_turn,safe_turn,5.7593,1.9634,,,,,0.0,False,False,False,False,False,False,False,no,True,True,both,no,,normal,dynamic
28,b,t1,hit,collision,collision,4.0072,1.3661,,,,17.5301,1.1925,False,True,False,False,False,False,False,no,True,False,phone,vha,continues walking after alarm,normal,dynamic
28,b,t2,hit,collision,collision,3.8878,1.3254,,,,26.5998,1.3121,False,True,False,False,False,False,False,no,True,False,phone,vha,continues walking after alarm,normal,dynamic
28,b,t3,hit,collision,collision,5.7341,1.9548,,,,8.8796,0.0,False,True,False,False,False,False,False,no,True,False,phone,vha,redid (timing error -> pressed key too early) & continues walking after alarm,normal,dynamic
28,b,t4,hit,collision,collision,4.6869,1.5978,,,,20.5389,0.5133,False,True,False,False,False,False,False,no,True,False,phone,no,"looks to left & when in danger zone looks to car & ""feels no danger so will not react""",normal,dynamic
28,b,t5,hit,collision,collision,5.1597,1.759,,,,24.9586,0.0403,False,True,False,False,False,False,False,no,False,True,traffic,no,continues walking after alarm,normal,dynamic
29,a,c1,stop,safe_stop,safe_stop,4.4991,1.5338,,,4.4698,,0.7009,False,False,False,False,False,True,False,no,True,False,phone,f,slows down but does not stop while glancing up and down,normal,constant
29,a,c2,stop,safe_stop,safe_stop,4.4273,1.5093,,,4.3812,,0.7729,False,False,False,False,False,True,True,f,True,False,phone,f,till over,normal,constant
29,a,s1,safe,safe_turn,safe_turn,5.2363,1.7851,,,,,0.0,False,False,False,False,False,False,False,no,True,False,phone,no,does not see ambient & glances midway to road sees trigger and runs,normal,constant
29,a,s2,safe,safe_turn,safe_turn,3.684,1.2559,,,,,1.5159,False,False,False,False,False,False,False,no,False,True,traffic,no,sees ambient and speeds up to other side,normal,constant
29,a,t1,hit,collision,response_stop,5.749,1.9599,,,8.4582,11.6811,0.0,False,False,True,False,True,False,True,vha,True,False,phone,both,,normal,constant
29,a,t2,hit,collision,response_stop,3.6617,1.2483,,,4.702,8.2812,1.5383,False,False,True,False,True,False,True,both,True,False,phone,both,sees ambient at start & f waits till over ,normal,constant
29,a,t3,hit,collision,response_stop,5.082,1.7325,,,3.9092,7.6773,0.1177,False,False,True,False,True,False,True,both,True,False,phone,both,f till over,normal,constant
29,a,t4,hit,collision,response_stop,4.1492,1.4145,,,5.3977,8.7702,1.0507,False,False,True,False,True,False,True,both,True,False,phone,both,takes two more steps forward after saw car after f,normal,constant
29,a,t5,hit,collision,response_stop,4.2307,1.4423,,,4.0344,7.4812,0.9695,False,False,True,False,True,False,True,both,True,False,phone,both,f till over,normal,constant
29,b,c1,stop,safe_stop,safe_stop,4.6866,1.5977,,,,,0.5135,False,False,False,False,False,True,False,no,True,False,phone,no,did not look up,normal,constant
29,b,c2,stop,safe_stop,safe_stop,4.63,1.5784,,,,,0.5702,False,False,False,False,False,True,False,no,True,True,both,no,looked at traffic in beginning and then swtiched to phone & did not see catch ,normal,constant
29,b,s1,safe,safe_turn,safe_turn,4.2463,1.4476,,,,,0.9538,False,False,False,False,False,False,False,no,True,True,both,no,,normal,constant
29,b,s2,safe,safe_turn,safe_turn,5.913,2.0158,,,,,0.0,False,False,False,False,False,False,False,no,True,False,phone,no,did not look up,normal,constant
29,b,t1,hit,collision,response_stop,4.4202,1.5069,,,,7.5531,0.7798,False,False,True,False,True,False,True,vha,True,False,phone,vha,,normal,constant
29,b,t2,hit,collision,response_stop,4.6062,1.5703,,,,7.3511,0.5936,False,False,True,False,True,False,True,vha,True,False,phone,vha,had to balance because stopped abrupt,normal,constant
29,b,t3,hit,collision,response_stop,4.8403,1.6501,,,,8.649,0.3598,False,False,True,False,True,False,True,vha,True,False,phone,vha,redid (timing error -> performance issue),normal,constant
29,b,t4,hit,collision,response_stop,4.0935,1.3955,,,,7.2676,1.1067,False,False,True,False,True,False,True,vha,True,False,phone,vha,,normal,constant
29,b,t5,hit,collision,response_stop,6.236,2.1259,,,,8.3786,0.0,False,False,True,False,True,False,True,vha,True,False,phone,vha,glanced up once midway,normal,constant
3,a,c1,stop,safe_stop,safe_stop,2.7248,0.9289,,,7.4979,,2.4752,False,False,False,False,False,True,False,no,True,False,phone,no,gets faster at end,fast,dynamic
3,a,c2,stop,safe_stop,safe_stop,2.9999,1.0227,,,8.6708,,2.2002,False,False,False,False,False,True,False,no,False,True,traffic,f,looked up in middle and run across the street,fast,dynamic
3,a,s1,safe,safe_turn,safe_turn,2.845,0.9699,,,,,2.3551,False,False,False,False,False,False,False,no,True,False,phone,no,waits for ambient before crossing A and looks up midway,fast,dynamic
3,a,s2,safe,safe_turn,safe_turn,3.2572,1.1104,,,,,1.9428,False,False,False,False,False,False,False,no,True,False,phone,no,waits for ambient before crossing A and look up in danger zone without alarm,fast,dynamic
3,a,t1,hit,collision,response_continue_walk,5.3082,1.8096,,,46.4852,49.1455,0.0,False,False,False,False,False,False,False,no,True,False,phone,both,"got faster during the walk + ""ultra irritating"""""""""""""""""""""""""""""""""""""""""""""""""""""""""""""""""""""""""""""""""""""""""""""""""""""""""""""""""""""""""""""""""""""""""""""""""""""""""""""""""""""""""""""""""""""""""""""""""""""""""""""""""""""""""""""""""""""""""""""""""""""""""""""""""""""""""""""""""""""""""""""""""""""""""""""""""""""""""""""""""""""""""""""""""""""""""""""""""""""""""""""""""""""""""""""""""""""""""""""""""""""""""""""""""""""""""""""""""""""""""""""""""""""""""""""""""""""""""""""""""""""""""""""""""""""""""""""""" (no video)""""""""""""""""""""""""""""""""""""""""""""""""""""""""""""""""""""""""""""""""""""""""""""""""""""""""""""""""""""""""""""""""""""""""""""""""""""""""""""""""""""""""""""""""""""""""""""""""""""""""""""""""""""""""""""""""""""""""""""""""""""""""""""""""""""""""""""""""""""""""""""""""""""""""""""""""""""""""""""""""""""""""""""""""""""""""""""""""""""""""""""""""""""""""""""""""""""""""""""""""""""""""""""""""""""""""""""""""""""""""""""""""""""""""""""""""""""""""""""""""""""""""""""""""""""""""""""""",fast,dynamic
3,a,t2,hit,collision,not_in_time,4.234,1.4434,,,6.1879,8.9208,0.9662,False,False,False,True,True,False,False,no,True,True,both,both,waits for ambient to cross B so alarm too late,fast,dynamic
3,a,t3,hit,collision,not_in_time,2.0181,0.688,,,7.4729,10.2141,3.1818,False,False,False,True,True,False,False,no,True,True,both,both,got faster during the walk,fast,dynamic
3,a,t4,hit,collision,not_in_time,2.447,0.8342,,,6.7335,9.4587,2.753,False,False,False,True,True,False,False,no,True,True,both,f,waits for ambient to cross A and got faster during the walk,fast,dynamic
3,a,t5,hit,collision,not_in_time,4.5778,1.5606,,,41.5022,44.2459,0.6221,False,False,False,True,True,False,False,no,True,False,phone,both,got faster during the walk (alarm in danger zone),fast,dynamic
3,b,c1,stop,safe_stop,safe_stop,2.608,0.8891,,,,,2.5917,False,False,False,False,False,True,False,no,True,False,phone,no,looks up midway without alarm,fast,dynamic
3,b,c2,stop,safe_stop,safe_stop,2.889,0.9849,,,,,2.311,False,False,False,False,False,True,False,no,True,False,phone,no,runs when catch turned corner without alarm,fast,dynamic
3,b,s1,safe,safe_turn,safe_turn,1.4068,0.4796,,,,,3.7934,False,False,False,False,False,False,False,no,True,False,phone,no,waits for ambient to cross A,fast,dynamic
3,b,s2,safe,safe_turn,safe_turn,2.8447,0.9698,,,,,2.3551,False,False,False,False,False,False,False,no,True,True,both,no,only looked up at the beginning,fast,dynamic
3,b,t1,hit,collision,not_in_time,2.4379,0.8311,,,,11.2946,2.7621,False,False,False,True,True,False,False,no,True,False,phone,vha,got faster,fast,dynamic
3,b,t2,hit,collision,not_in_time,3.3871,1.1547,,,,9.3305,1.8127,False,False,False,True,True,False,False,no,True,False,phone,vha,got faster,fast,dynamic
3,b,t3,hit,collision,not_in_time,2.1164,0.7215,,,,13.715,3.0838,False,False,False,True,True,False,False,no,True,False,phone,no,got faster (alarm in danger zone),fast,dynamic
3,b,t4,hit,collision,not_in_time,3.5537,1.2115,,,,10.7873,1.6463,False,False,False,True,True,False,False,no,True,True,both,no,redid (both times alarm too late),fast,dynamic
3,b,t5,hit,collision,not_in_time,6.3342,2.1594,,,,16.7501,0.0,False,False,False,True,True,False,False,no,True,True,both,vha,redid (both times alarm too late),fast,dynamic
30,a,c1,stop,safe_stop,safe_stop,8.3717,2.854,,,10.8203,,0.0,False,False,False,False,False,True,False,no,True,False,phone,f,f no car yet & looked up a second time,slow,constant
30,a,c2,stop,safe_stop,safe_stop,6.2459,2.1293,,,6.7069,,0.0,False,False,False,False,False,True,False,no,True,False,phone,f,looked up at catch but otherwise continued walking after alarm,slow,constant
30,a,s1,safe,safe_turn,safe_turn,7.4712,2.547,,,,,0.0,False,False,False,False,False,False,False,no,True,False,phone,no,does not look up,slow,constant
30,a,s2,safe,safe_turn,safe_turn,9.0954,3.1007,,,,,0.0,False,False,False,False,False,False,False,no,True,False,phone,no,glanced up once after B,slow,constant
30,a,t1,hit,collision,collision,8.8067,3.0023,,,10.9312,13.6055,0.0,False,True,False,False,False,False,False,no,True,False,phone,both,continued walking after alarms,slow,constant
30,a,t2,hit,collision,collision,9.3309,3.181,,,10.6496,13.3407,0.0,False,True,False,False,False,False,False,no,True,False,phone,both,continued walking after alarms,slow,constant
30,a,t3,hit,collision,collision,4.9066,1.6727,,,4.8519,7.5559,0.2935,False,True,False,False,False,False,False,no,True,False,phone,both,continued walking after alarms,slow,constant
30,a,t4,hit,collision,collision,8.2878,2.8254,,,10.9731,13.6145,0.0,False,True,False,False,False,False,False,no,True,False,phone,f,redid (had phone down) & continued walking after alarms,slow,constant
30,a,t5,hit,collision,collision,6.7085,2.287,,,7.0675,9.7879,0.0,False,True,False,False,False,False,False,no,True,False,phone,both,redid (had phone down) & when looking up f car not visible yet,slow,constant
30,b,c1,stop,safe_stop,safe_stop,5.5977,1.9083,,,,,0.0,False,False,False,False,False,True,False,no,True,False,phone,no,did not look up,slow,constant
30,b,c2,stop,safe_stop,safe_stop,6.0814,2.0732,,,,,0.0,False,False,False,False,False,True,False,no,True,False,phone,no,does not look up,slow,constant
30,b,s1,safe,safe_turn,safe_turn,6.852,2.3359,,,,,0.0,False,False,False,False,False,False,False,no,True,True,both,no,,slow,constant
30,b,s2,safe,safe_turn,safe_turn,4.6854,1.5973,,,,,0.5146,False,False,False,False,False,False,False,no,True,True,both,no,,slow,constant
30,b,t1,hit,collision,collision,5.2064,1.7749,,,,17.1544,0.0,False,True,False,False,False,False,False,no,True,False,phone,no,does not react to warning but said it was there,slow,constant
30,b,t2,hit,collision,collision,5.901,2.0117,,,,9.7746,0.0,False,True,False,False,False,False,False,no,True,False,phone,vha,looked to traffic and continued walking after alarm,slow,constant
30,b,t3,hit,collision,collision,7.8302,2.6694,,,,10.8841,0.0,False,True,False,False,False,False,True,vha,True,False,phone,vha,stopped for a secon and then continued walking,slow,constant
30,b,t4,hit,collision,collision,6.4519,2.1995,,,,7.3064,0.0,False,True,False,False,False,False,False,no,True,False,phone,vha,continued walking after alarm,slow,constant
30,b,t5,hit,collision,collision,5.3437,1.8217,,,,7.7393,0.0,False,True,False,False,False,False,False,no,True,False,phone,vha,continued walking after alarm,slow,constant
4,a,c1,stop,safe_stop,safe_stop,5.9869,2.041,,,4.9925,,0.0,False,False,False,False,False,True,True,f,True,False,phone,f,"""would be nice if not able to write anymore with f""""""""""""""""""""""""""""""""""""""""""""""""""""""""""""""""""""""""""""""""""""""""""""""""""""""""""""""""""""""""""""""""""""""""""""""""""""""""""""""""""""""""""""""""""""""""""""""""""""""""""""""""""""""""""""""""""""""""""""""""""""""""""""""""""""""""""""""""""""""""""""""""""""""""""""""""""""""""""""""""""""""""""""""""""""""""""""""""""""""""""""""""""""""""""""""""""""""""""""""""""""""""""""""""""""""""""""""""""""""""""""""""""""""""""""""""""""""""""""""""""""""""""""""""""""""""""""""""""""""""""""""""""""""""""""""""""""""""""""""""""""""""""""""""""""""""""""""""""""""""""""""""""""""""""""""""""""""""""""""""""""""""""""""""""""""""""""""""""""""""""""""""""""""""""""""""""""""""""""""""""""""""""""""""""""""""""""""""""""""""""""""""""""""""""""""""""""""""""""""""""""""""""""""""""""""""""""""""""""""""""""""""""""""""""""""""""""""""""""""""""""""""""""""""""""""""""""""""""""""""""""""""""""""""""""""""""""""""""""""""""""""""""""""""""""""""""""""""""""""""""""""""""""""""""""""",normal,constant
4,a,c2,stop,safe_stop,safe_stop,4.6658,1.5906,,,3.0782,,0.5343,False,False,False,False,False,True,True,f,True,False,phone,f,"""didn't get a real notification with sound""""""""""""""""""""""""""""""""""""""""""""""""""""""""""""""""""""""""""""""""""""""""""""""""""""""""""""""""""""""""""""""""""""""""""""""""""""""""""""""""""""""""""""""""""""""""""""""""""""""""""""""""""""""""""""""""""""""""""""""""""""""""""""""""""""""""""""""""""""""""""""""""""""""""""""""""""""""""""""""""""""""""""""""""""""""""""""""""""""""""""""""""""""""""""""""""""""""""""""""""""""""""""""""""""""""""""""""""""""""""""""""""""""""""""""""""""""""""""""""""""""""""""""""""""""""""""""""""""""""""""""""""""""""""""""""""""""""""""""""""""""""""""""""""""""""""""""""""""""""""""""""""""""""""""""""""""""""""""""""""""""""""""""""""""""""""""""""""""""""""""""""""""""""""""""""""""""""""""""""""""""""""""""""""""""""""""""""""""""""""""""""""""""""""""""""""""""""""""""""""""""""""""""""""""""""""""""""""""""""""""""""""""""""""""""""""""""""""""""""""""""""""""""""""""""""""""""""""""""""""""""""""""""""""""""""""""""""""""""""""""""""""""""""""""""""""""""""""""""""""""""""""""""""""""""""",normal,constant
4,a,s1,safe,safe_turn,safe_turn,3.6186,1.2336,,,,,1.5815,False,False,False,False,False,False,False,no,True,False,phone,no,did not look up,normal,constant
4,a,s2,safe,safe_turn,safe_turn,7.9311,2.7038,,,,,0.0,False,False,False,False,False,False,False,no,True,False,phone,no,,normal,constant
4,a,t1,hit,collision,response_stop,7.2747,2.48,,,7.3762,10.822,0.0,False,False,True,False,True,False,True,both,True,False,phone,both,walks in between alarms,normal,constant
4,a,t2,hit,collision,response_stop,10.5471,3.5956,,,12.5427,16.0547,0.0,False,False,True,False,True,False,True,f,True,False,phone,both,suprised at ambient at start of crossing,normal,constant
4,a,t3,hit,collision,response_stop,6.3166,2.1534,,,6.7651,9.8321,0.0,False,False,True,False,True,False,True,both,True,False,phone,both,f waited till over,normal,constant
4,a,t4,hit,response_stop,response_stop,5.573,1.8999,9.8757,6.1105,4.4775,7.5322,0.0,True,False,True,False,True,False,True,both,True,False,phone,both,"""got so early a notification that confused if there is something still coming"""""""""""""""""""""""""""""""""""""""""""""""""""""""""""""""""""""""""""""""""""""""""""""""""""""""""""""""""""""""""""""""""""""""""""""""""""""""""""""""""""""""""""""""""""""""""""""""""""""""""""""""""""""""""""""""""""""""""""""""""""""""""""""""""""""""""""""""""""""""""""""""""""""""""""""""""""""""""""""""""""""""""""""""""""""""""""""""""""""""""""""""""""""""""""""""""""""""""""""""""""""""""""""""""""""""""""""""""""""""""""""""""""""""""""""""""""""""""""""""""""""""""""""""""""""""""""""""" f till over""""""""""""""""""""""""""""""""""""""""""""""""""""""""""""""""""""""""""""""""""""""""""""""""""""""""""""""""""""""""""""""""""""""""""""""""""""""""""""""""""""""""""""""""""""""""""""""""""""""""""""""""""""""""""""""""""""""""""""""""""""""""""""""""""""""""""""""""""""""""""""""""""""""""""""""""""""""""""""""""""""""""""""""""""""""""""""""""""""""""""""""""""""""""""""""""""""""""""""""""""""""""""""""""""""""""""""""""""""""""""""""""""""""""""""""""""""""""""""""""""""""""""""""""""""""""""""""",normal,constant
4,a,t5,hit,collision,response_stop,6.2257,2.1224,,,6.3469,10.0551,0.0,False,False,True,False,True,False,True,both,True,False,phone,both,"""very interesting that it is both""""""""""""""""""""""""""""""""""""""""""""""""""""""""""""""""""""""""""""""""""""""""""""""""""""""""""""""""""""""""""""""""""""""""""""""""""""""""""""""""""""""""""""""""""""""""""""""""""""""""""""""""""""""""""""""""""""""""""""""""""""""""""""""""""""""""""""""""""""""""""""""""""""""""""""""""""""""""""""""""""""""""""""""""""""""""""""""""""""""""""""""""""""""""""""""""""""""""""""""""""""""""""""""""""""""""""""""""""""""""""""""""""""""""""""""""""""""""""""""""""""""""""""""""""""""""""""""""""""""""""""""""""""""""""""""""""""""""""""""""""""""""""""""""""""""""""""""""""""""""""""""""""""""""""""""""""""""""""""""""""""""""""""""""""""""""""""""""""""""""""""""""""""""""""""""""""""""""""""""""""""""""""""""""""""""""""""""""""""""""""""""""""""""""""""""""""""""""""""""""""""""""""""""""""""""""""""""""""""""""""""""""""""""""""""""""""""""""""""""""""""""""""""""""""""""""""""""""""""""""""""""""""""""""""""""""""""""""""""""""""""""""""""""""""""""""""""""""""""""""""""""""""""""""""""""",normal,constant
4,b,c1,stop,safe_stop,safe_stop,5.9382,2.0244,,,,,0.0,False,False,False,False,False,True,False,no,True,False,phone,no,has not seen car,normal,constant
4,b,c2,stop,safe_stop,safe_stop,6.314,2.1525,,,,,0.0,False,False,False,False,False,True,False,no,True,False,phone,no,redid (walked too early on street) did not notice car or look up,normal,constant
4,b,s1,safe,safe_turn,safe_turn,5.9661,2.0339,,,,,0.0,False,False,False,False,False,False,False,no,True,False,phone,no,does not look up or wait for ambient to cross,normal,constant
4,b,s2,safe,safe_turn,safe_turn,6.9502,2.3694,,,,,0.0,False,False,False,False,False,False,False,no,True,False,phone,no,looked up briefly at B,normal,constant
4,b,t1,hit,collision,response_stop,2.7098,0.9238,,,,29.7317,2.4902,False,False,True,False,True,False,True,vha,True,False,phone,vha,surprised by alarm,normal,constant
4,b,t2,hit,collision,response_stop,8.7938,2.9979,,,,12.0364,0.0,False,False,True,False,True,False,True,vha,True,False,phone,vha,,normal,constant
4,b,t3,hit,collision,response_stop,4.8995,1.6703,,,,7.0684,0.3003,False,False,True,False,True,False,True,vha,True,False,phone,vha,"""too early"""""""""""""""""""""""""""""""""""""""""""""""""""""""""""""""""""""""""""""""""""""""""""""""""""""""""""""""""""""""""""""""""""""""""""""""""""""""""""""""""""""""""""""""""""""""""""""""""""""""""""""""""""""""""""""""""""""""""""""""""""""""""""""""""""""""""""""""""""""""""""""""""""""""""""""""""""""""""""""""""""""""""""""""""""""""""""""""""""""""""""""""""""""""""""""""""""""""""""""""""""""""""""""""""""""""""""""""""""""""""""""""""""""""""""""""""""""""""""""""""""""""""""""""""""""""""""""""" alarm""""""""""""""""""""""""""""""""""""""""""""""""""""""""""""""""""""""""""""""""""""""""""""""""""""""""""""""""""""""""""""""""""""""""""""""""""""""""""""""""""""""""""""""""""""""""""""""""""""""""""""""""""""""""""""""""""""""""""""""""""""""""""""""""""""""""""""""""""""""""""""""""""""""""""""""""""""""""""""""""""""""""""""""""""""""""""""""""""""""""""""""""""""""""""""""""""""""""""""""""""""""""""""""""""""""""""""""""""""""""""""""""""""""""""""""""""""""""""""""""""""""""""""""""""""""""""""""",normal,constant
4,b,t4,hit,collision,response_stop,5.2251,1.7813,,,,6.9189,0.0,False,False,True,False,True,False,True,vha,True,False,phone,vha,surprised at sound,normal,constant
4,b,t5,hit,collision,response_stop,8.8994,3.0339,,,,12.2849,0.0,False,False,True,False,True,False,True,vha,True,False,phone,no,,normal,constant
5,a,c1,stop,safe_stop,safe_stop,6.3222,2.1553,,,6.4448,,0.0,False,False,False,False,False,True,False,no,True,False,phone,f,jumped a bit back when car stopped,normal,constant
5,a,c2,stop,safe_stop,safe_stop,6.7487,2.3007,,,6.8913,,0.0,False,False,False,False,False,True,False,no,True,False,phone,f,saw car but did not hurry,normal,constant
5,a,s1,safe,safe_turn,safe_turn,5.8972,2.0104,,,,,0.0,False,False,False,False,False,False,False,no,True,True,both,no,looks at traffic before midpoint and then at phone,normal,constant
5,a,s2,safe,safe_turn,safe_turn,4.6417,1.5824,,,,,0.5583,False,False,False,False,False,False,False,no,True,False,phone,no,looks up midway,normal,constant
5,a,t1,hit,response_stop,response_stop,6.6003,2.2501,11.3456,6.7512,6.3355,8.989,0.0,True,False,True,False,True,False,True,both,True,False,phone,both,after f walks till car visible and VHA,normal,constant
5,a,t2,hit,collision,response_stop,6.8534,2.3364,,,7.4113,10.0835,0.0,False,False,True,False,True,False,True,vha,True,False,phone,vha,ignores f,normal,constant
5,a,t3,hit,collision,response_stop,4.3959,1.4986,,,28.4256,31.0906,0.804,False,False,True,False,True,False,False,no,True,False,phone,vha,did not notice f & VHA looked confused and jumped back when saw car,normal,constant
5,a,t4,hit,collision,response_stop,5.2337,1.7842,,,4.0706,6.7466,0.0,False,False,True,False,True,False,True,vha,True,False,phone,f,f sees car,normal,constant
5,a,t5,hit,collision,response_stop,5.3299,1.817,,,4.9946,7.6922,0.0,False,False,True,False,True,False,True,vha,True,False,phone,both,redid (wrong speed calibration) f sees car,normal,constant
5,b,c1,stop,safe_stop,safe_stop,5.9781,2.038,,,,,0.0,False,False,False,False,False,True,False,no,True,False,phone,no,looked up midway before catch visible and continues without noticing catch,normal,constant
5,b,c2,stop,safe_stop,safe_stop,6.693,2.2817,,,,,0.0,False,False,False,False,False,True,False,no,True,False,phone,no,did not notice car,normal,constant
5,b,s1,safe,safe_turn,safe_turn,5.8291,1.9872,,,,,0.0,False,False,False,False,False,False,False,no,True,False,phone,no,looks up when crossing A and B and then again when in danger zone and got slower at the end (probably expecting a car),normal,constant
5,b,s2,safe,safe_turn,safe_turn,4.5651,1.5563,,,,,0.635,False,False,False,False,False,False,False,no,True,False,phone,no,speed varied (slower at the end),normal,constant
5,b,t1,hit,collision,response_stop,4.6376,1.581,,,,5.9918,0.5624,False,False,True,False,True,False,True,vha,True,False,phone,vha,,normal,constant
5,b,t2,hit,collision,response_stop,6.5757,2.2417,,,,8.2646,0.0,False,False,True,False,True,False,True,vha,True,False,phone,vha,did not see ambient,normal,constant
5,b,t3,hit,response_stop,response_stop,6.1785,2.1063,9.4482,5.3033,,8.0673,0.0,True,False,True,False,True,False,True,vha,True,False,phone,vha,,normal,constant
5,b,t4,hit,collision,response_stop,6.7968,2.3171,,,,9.0869,0.0,False,False,True,False,True,False,True,vha,True,False,phone,vha,,normal,constant
5,b,t5,hit,collision,response_stop,5.1008,1.7389,,,,6.831,0.0991,False,False,True,False,True,False,True,vha,True,False,phone,vha,,normal,constant
6,a,c1,stop,safe_stop,safe_stop,5.3739,1.832,,,6.5711,,0.0,False,False,False,False,False,True,False,no,True,False,phone,f,f looks up before car visible,slow,constant
6,a,c2,stop,safe_stop,safe_stop,5.8491,1.994,,,7.4669,,0.0,False,False,False,False,False,True,False,no,True,False,phone,f,,slow,constant
6,a,s1,safe,no_event,safe_turn,18.5709,6.331,,,,,0.0,False,False,False,False,False,False,False,no,True,False,phone,no,waited for ambient -> timing error but does not matter,slow,constant
6,a,s2,safe,safe_turn,safe_turn,5.9183,2.0176,,,,,0.0,False,False,False,False,False,False,False,no,True,False,phone,no,waits for ambient and only looks at phone,slow,constant
6,a,t1,hit,collision,response_run,4.6925,1.5997,,,5.308,9.1289,0.5076,False,False,False,False,True,False,False,no,False,True,traffic,both,redid (timing error) saw car after f and continues walking till VHA jumps and runs,slow,constant
6,a,t2,hit,collision,response_run_back,4.5247,1.5425,,,10.0889,13.8138,0.6753,False,False,False,False,True,False,True,vha,True,False,phone,vha,not sure if saw f,slow,constant
6,a,t3,hit,collision,response_run_back,5.3076,1.8094,,,6.0311,9.8734,0.0,False,False,False,False,True,False,True,vha,True,True,both,vha,did not see f (was watching ambient),slow,constant
6,a,t4,hit,collision,response_run,3.84,1.3091,,,7.9394,11.5386,1.3601,False,False,False,False,True,False,False,no,True,True,both,vha,watched traffic before start and then on phone and seemed to ignore f; looks up for VHA,slow,constant
6,a,t5,hit,collision,response_run,4.9793,1.6975,,,4.6725,8.4186,0.2206,False,False,False,False,True,False,False,no,True,False,phone,both,looks up midway due to f and then continues looking at phone till VHA and jumps when sees car,slow,constant
6,b,c1,stop,safe_stop,safe_stop,6.3087,2.1507,,,,,0.0,False,False,False,False,False,True,False,no,True,False,phone,no,noticed car after scenario,slow,constant
6,b,c2,stop,safe_stop,safe_stop,5.5023,1.8758,,,,,0.0,False,False,False,False,False,True,False,no,False,True,traffic,no,does not stop for catch when saw it,slow,constant
6,b,s1,safe,safe_turn,safe_turn,6.8141,2.323,,,,,0.0,False,False,False,False,False,False,False,no,True,False,phone,no,,slow,constant
6,b,s2,safe,safe_turn,safe_turn,7.7375,2.6378,,,,,0.0,False,False,False,False,False,False,False,no,True,False,phone,no,,slow,constant
6,b,t1,hit,collision,collision,5.3404,1.8206,,,,9.4498,0.0,False,True,False,False,False,False,False,no,True,False,phone,vha,saw car and still crossed after alarm,slow,constant
6,b,t2,hit,collision,response_run_back,4.708,1.605,,,,11.7716,0.4918,False,False,False,False,True,False,True,vha,True,False,phone,vha,redid (timing off prev) alarm at midpoint and jumps a bit and goes back,slow,constant
6,b,t3,hit,collision,response_stop,4.7329,1.6135,,,,9.1532,0.4671,False,False,True,False,True,False,True,vha,True,False,phone,vha,,slow,constant
6,b,t4,hit,collision,response_run,3.9189,1.336,,,,12.8744,1.2812,False,False,False,False,True,False,False,no,False,True,traffic,vha,sees car before alarm and hurries along,slow,constant
6,b,t5,hit,collision,response_run,8.1544,2.7799,,,,13.0101,0.0,False,False,False,False,True,False,False,no,True,False,phone,vha,jumps back when alarm and sees car and hurries,slow,constant
7,a,c1,stop,safe_stop,safe_stop,4.4417,1.5142,,,5.6748,,0.7584,False,False,False,False,False,True,True,f,True,False,phone,f,looks up stops sees car wants to take one step and stop again,normal,constant
7,a,c2,stop,safe_stop,safe_stop,4.6144,1.5731,,,12.3306,,0.5855,False,False,False,False,False,True,False,no,True,False,phone,f,slows down and sees catch and stops,normal,constant
7,a,s1,safe,safe_turn,safe_turn,4.2275,1.4412,,,,,0.9725,False,False,False,False,False,False,False,no,True,True,both,no,sees car and stops till overjunction,normal,constant
7,a,s2,safe,safe_turn,safe_turn,5.4578,1.8606,,,,,0.0,False,False,False,False,False,False,False,no,True,True,both,no,sees car and stops for 1sec but continues walking,normal,constant
7,a,t1,hit,collision,collision,3.8655,1.3178,,,9.6752,12.3307,1.3346,False,True,False,False,False,False,False,no,False,True,traffic,no,gets sound and haptic and is surprised but walks along,normal,constant
7,a,t2,hit,collision,response_stop,4.7819,1.6302,,,6.8428,9.4438,0.418,False,False,True,False,True,False,True,both,True,False,phone,both,takes one more step after f before sees car and VHA to stop completely,normal,constant
7,a,t3,hit,collision,response_stop,4.473,1.5249,,,8.6627,11.265,0.7271,False,False,True,False,True,False,True,both,True,False,phone,both,takes one step after f,normal,constant
7,a,t4,hit,collision,response_stop,3.8081,1.2982,,,7.215,9.836,1.392,False,False,True,False,True,False,True,vha,True,True,both,vha,walks and looks before sees car,normal,constant
7,a,t5,hit,collision,response_stop,3.1472,1.0729,,,7.7284,10.3718,2.0528,False,False,True,False,True,False,True,both,True,False,phone,both,after f stands still till car & VHA,normal,constant
7,b,c1,stop,safe_stop,safe_stop,4.0527,1.3816,,,,,1.1475,False,False,False,False,False,True,False,no,True,True,both,no,stopped without alarm (saw catch),normal,constant
7,b,c2,stop,safe_stop,safe_stop,5.0037,1.7058,,,,,0.1963,False,False,False,False,False,True,False,no,True,True,both,no,stopped without alarm (saw catch),normal,constant
7,b,s1,safe,safe_turn,safe_turn,6.0796,2.0726,,,,,0.0,False,False,False,False,False,False,False,no,False,True,traffic,no,waits for ambient and walked while looking at trigger,normal,constant
7,b,s2,safe,safe_turn,safe_turn,2.9046,0.9902,,,,,2.2955,False,False,False,False,False,False,False,no,True,True,both,no,stopped midway when another car is coming,normal,constant
7,b,t1,hit,collision,response_stop,4.0319,1.3745,,,,6.1965,1.1681,False,False,True,False,True,False,True,vha,False,True,traffic,no,looked up before alarm,normal,constant
7,b,t2,hit,collision,response_stop,3.7139,1.2661,,,,8.903,1.4859,False,False,True,False,True,False,True,vha,True,False,phone,vha,,normal,constant
7,b,t3,hit,collision,response_stop,4.0239,1.3718,,,,7.0704,1.1759,False,False,True,False,True,False,True,vha,True,True,both,no,redid (timing error -> walked very slowly) walks till midpoint after saw car,normal,constant
7,b,t4,hit,collision,response_run,6.4586,2.2018,,,,8.4749,0.0,False,False,False,False,True,False,False,no,True,False,phone,vha,redid (timing error -> waited for ambient),normal,constant
7,b,t5,hit,collision,response_stop,4.5396,1.5476,,,,10.646,0.6604,False,False,True,False,True,False,True,vha,True,False,phone,no,looked up before alarm,normal,constant
8,a,c1,stop,safe_stop,safe_stop,5.6179,1.9152,,,8.0317,,0.0,False,False,False,False,False,True,False,no,True,False,phone,no,does notice catch during,normal,constant
8,a,c2,stop,safe_stop,safe_stop,4.8993,1.6702,,,4.7081,,0.3006,False,False,False,False,False,True,False,no,True,False,phone,no,redid (timing error -> walked too early) and ignored f completely,normal,constant
8,a,s1,safe,safe_turn,safe_turn,3.8708,1.3196,,,,,1.3293,False,False,False,False,False,False,False,no,True,False,phone,no,does not look up,normal,constant
8,a,s2,safe,safe_turn,safe_turn,5.977,2.0376,,,,,0.0,False,False,False,False,False,False,False,no,True,False,phone,no,does not look up,normal,constant
8,a,t1,hit,collision,response_stop,4.8831,1.6647,,,4.2784,7.0043,0.3169,False,False,True,False,True,False,True,vha,False,True,traffic,both,redid (timing error) slowed down for f,normal,constant
8,a,t2,hit,collision,response_stop,4.2029,1.4328,,,3.6457,6.3522,0.9973,False,False,True,False,True,False,True,vha,True,False,phone,both,does not see ambient and slowed down for f,normal,constant
8,a,t3,hit,collision,collision,5.7684,1.9665,,,6.3816,9.1679,0.0,False,True,False,False,False,False,True,vha,True,False,phone,both,had phone after f down (plus got faster) and stopped right in collision zone,normal,constant
8,a,t4,hit,collision,response_stop,4.7728,1.6271,,,4.102,6.767,0.4271,False,False,True,False,True,False,True,vha,True,False,phone,both,slowed down after f,normal,constant
8,a,t5,hit,collision,response_stop,5.8822,2.0053,,,12.2611,14.9116,0.0,False,False,True,False,True,False,True,vha,True,False,phone,f,did not look at traffic,normal,constant
8,b,c1,stop,safe_stop,safe_stop,3.2378,1.1038,,,,,1.9623,False,False,False,False,False,True,False,no,True,False,phone,no,did not look up at all,normal,constant
8,b,c2,stop,safe_stop,safe_stop,3.0894,1.0532,,,,,2.1106,False,False,False,False,False,True,False,no,True,False,phone,no,very into chatting -> was walking wavy lines,normal,constant
8,b,s1,safe,safe_turn,safe_turn,5.0157,1.7099,,,,,0.1843,False,False,False,False,False,False,False,no,True,False,phone,no,,normal,constant
8,b,s2,safe,safe_turn,safe_turn,6.0336,2.0569,,,,,0.0,False,False,False,False,False,False,False,no,True,False,phone,no,looked to the left before starting to cross,normal,constant
8,b,t1,hit,collision,collision,3.8896,1.326,,,,10.5195,1.3106,False,True,False,False,False,False,False,no,True,False,phone,vha,looked up to the front but did not stop,normal,constant
8,b,t2,hit,collision,collision,5.9256,2.0201,,,,20.1975,0.0,False,True,False,False,False,False,False,no,True,False,phone,no,stops for a second after VHA but then continues as before,normal,constant
8,b,t3,hit,collision,collision,7.187,2.4501,,,,10.0899,0.0,False,True,False,False,False,False,False,no,True,False,phone,vha,looked up to the front,normal,constant
8,b,t4,hit,collision,collision,5.0049,1.7062,,,,7.7657,0.1953,False,True,False,False,False,False,True,vha,True,False,phone,no,looked up to the front before the alarm and stopped in the danger zone,normal,constant
8,b,t5,hit,collision,collision,4.752,1.62,,,,9.4966,0.4479,False,True,False,False,False,False,False,no,True,False,phone,vha,looks up to the front and slowed down,normal,constant
9,a,c1,stop,safe_stop,safe_stop,4.3689,1.4894,,,5.5314,,0.8311,False,False,False,False,False,True,True,f,True,True,both,f,continues to walk after a short stop at f,fast,dynamic
9,a,c2,stop,safe_stop,safe_stop,3.4431,1.1738,,,4.6478,,1.7567,False,False,False,False,False,True,True,f,True,False,phone,f,stops again after sees car,fast,dynamic
9,a,s1,safe,safe_turn,safe_turn,4.0779,1.3902,,,,,1.1221,False,False,False,False,False,False,False,no,True,True,both,no,waits for ambient to cross & from midpoint on looks at phone,fast,dynamic
9,a,s2,safe,safe_turn,safe_turn,4.6992,1.602,,,,,0.5006,False,False,False,False,False,False,False,no,True,True,both,no,from midpoint on looks at phone,fast,dynamic
9,a,t1,hit,collision,not_in_time,3.3158,1.1304,,,4.3097,7.1561,1.8843,False,False,False,True,True,False,False,no,False,True,traffic,no,redid (walked slightly too fast for both),fast,dynamic
9,a,t2,hit,collision,collision,3.4857,1.1883,,,8.0094,10.7614,1.7144,False,True,False,False,False,False,False,no,True,False,phone,both,continued walking while looking up after f,fast,dynamic
9,a,t3,hit,collision,response_run,3.6054,1.2291,,,4.4864,7.2501,1.5946,False,False,False,False,True,False,False,no,True,True,both,both,,fast,dynamic
9,a,t4,hit,collision,not_in_time,3.9688,1.353,,,6.3321,9.1545,1.2313,False,False,False,True,True,False,False,no,False,True,traffic,both,alarm and car too late + redid (timing error due waiting for ambient),fast,dynamic
9,a,t5,hit,collision,response_stop,3.8614,1.3164,,,11.0538,13.7379,1.3386,False,False,True,False,True,False,True,both,True,False,phone,both,stops close to danger zone,fast,dynamic
9,b,c1,stop,safe_stop,safe_stop,3.6473,1.2434,,,,,1.5527,False,False,False,False,False,True,False,no,True,False,phone,no,catch arrived when already on other side,fast,dynamic
9,b,c2,stop,safe_stop,safe_stop,3.5323,1.2042,,,,,1.6675,False,False,False,False,False,True,False,no,True,True,both,no,,fast,dynamic
9,b,s1,safe,safe_turn,safe_turn,2.7521,0.9382,,,,,2.448,False,False,False,False,False,False,False,no,True,False,phone,no,midways looked up once,fast,dynamic
9,b,s2,safe,safe_turn,safe_turn,3.1844,1.0856,,,,,2.0156,False,False,False,False,False,False,False,no,True,False,phone,no,,fast,dynamic
9,b,t1,hit,collision,response_continue_walk,3.18,1.0841,,,,8.3134,2.0199,False,False,False,False,False,False,False,no,True,True,both,vha,,fast,dynamic
9,b,t2,hit,collision,response_continue_walk,2.8975,0.9878,,,,12.1901,2.3026,False,False,False,False,False,False,False,no,True,True,both,vha,redid (but both times alarm in danger zone),fast,dynamic
9,b,t3,hit,collision,response_continue_walk,3.7846,1.2902,,,,8.1468,1.4157,False,False,False,False,False,False,False,no,True,True,both,vha,alarm in danger zone (a bit late),fast,dynamic
9,b,t4,hit,collision,response_continue_walk,3.2152,1.0961,,,,11.4166,1.9847,False,False,False,False,False,False,False,no,True,False,phone,vha,redid twice (timing error -> started too early and too fast),fast,dynamic
9,b,t5,hit,collision,response_continue_walk,4.4155,1.5053,,,,9.6785,0.7845,False,False,False,False,False,False,False,no,True,False,phone,vha,,fast,dynamic
